id|name|dob|age|gender|address|country|email|created_at|updated_at|total_kycs|last_kyc_date|kyc_outcome|wallet_num|fav_game|fav_game_bets|fav_game_bet_value|fav_game_profit|total_games|total_bets|bets_in_30days|bets_in_90days|total_bet_value|total_profit
0817387533|Madeline Alvarado|1996-11-17|28|Female|84190 Roberts Landing Apt. 625 Chaneyport, AZ 87607|Cuba|madelinealvarado@holder.com|2024-10-19 14:35:33|2024-12-10 00:14:54|1|2024-11-23 14:51:26|Confirmed|1|Cricket|11|614.3|128.43|34|43|23|30|2135.71|189.52
1979198372|Maria Garcia|1949-06-18|75|Male|862 Hernandez Drive North Audreyville, PA 46947|Croatia|mariagarcia@hotmail.com|2024-01-23 19:20:08|2024-02-28 17:03:24|1|2024-06-29 00:47:40|Confirmed|1|Cricket|14|653.17|64.86|37|46|16|29|2200.04|241.22999999999996
9146669647|Darren Morris|1999-04-07|25|Male|9707 Sierra Crescent North Elizabethbury, CT 74325|Estonia|darrenmorris@gmail.com|2022-02-24 10:41:49|2023-08-03 03:55:18|1|2023-06-25 15:18:26|Confirmed|3|Cricket|14|832.96|542.85|40|49|11|27|2428.7200000000003|600.57
3419872890|Christopher Johnson|2002-04-18|22|Female|7353 Martin Mills Ericaport, NJ 36668|Sudan|christopherjohnson@hotmail.com|2024-09-28 15:20:11|2025-01-07 13:56:21|2|2025-01-10 04:54:06|Confirmed|2|Football|15|826.93|383.93|40|48|12|36|2577.03|1026.19
2125398960|Joan Wheeler|1977-02-16|47|Male|92849 Joshua Burgs Christopherview, MA 94017|Bhutan|joanwheeler@hotmail.com|2024-01-23 13:15:59|2024-11-17 10:19:51|1|2024-03-08 17:49:01|Confirmed|2|Cricket|20|1142.14|252.44|38|49|2|27|2726.96|1008.82
9785727425|Gerald Williams|1989-04-19|35|Male|05062 Burke Circle Apt. 632 Jeremychester, GA 88083|Congo|geraldwilliams@hotmail.com|2024-09-25 22:19:58|2024-10-03 21:14:03|2|2025-01-01 10:41:58|Confirmed|1|Horse Racing|12|443.85|201.45999999999998|38|49|14|29|2412.08|997.41
8079578459|Sandra Roberts|1977-04-25|47|Male|31092 Pierce Forest Smithton, OH 59758|Vietnam|sandraroberts@holmes-garcia.info|2024-04-07 08:57:48|2024-11-14 18:50:36|1|2024-04-29 21:15:49|Confirmed|1|Football|12|647.71|193.20999999999998|31|34|11|22|1699.0800000000002|194.23999999999998
7049957459|Reginald Green|1998-02-23|26|Male|32679 Herrera Squares Apt. 437 Maryside, VT 14457|Oman|reginaldgreen@ramsey-allen.org|2023-09-21 14:06:27|2024-10-29 17:09:34|1|2024-04-02 09:43:00|Confirmed|2|Cricket|12|644.65|183.62|43|54|15|38|2814.88|770.46
3415893782|Candice King|2004-01-29|20|Male|0754 Dennis Villages Apt. 626 West Christineport, RI 87095|Norfolk Island|candiceking@gmail.com|2022-10-10 11:39:20|2023-01-26 18:31:41|1|2023-07-19 13:03:11|Confirmed|1|Cricket|15|781.66|-188.44|43|59|20|44|3088.97|283.83
5677589239|Brad Torres|1966-10-16|58|Male|338 Anthony Loop Apt. 699 North Catherinehaven, OK 21233|Guatemala|bradtorres@gmail.com|2023-01-10 23:13:25|2023-03-18 07:06:18|1|2023-05-19 22:02:20|Confirmed|2|Cricket|13|598.52|190.73999999999998|43|51|16|34|2533.0099999999998|955.7099999999999
7163600209|Heather Cannon|1952-03-30|72|Male|7477 Molina Coves Apt. 638 West Damon, FL 72059|Estonia|heathercannon@price.info|2022-03-24 22:13:36|2023-04-12 01:31:34|2|2024-09-23 07:50:54|Confirmed|4|Greyhounds|9|512.89|344.92|37|51|11|33|2870.92|590.39
3255177997|Joshua Hughes|1996-02-26|28|Male|PSC 7720, Box 1799 APO AE 23666|Saint Vincent and the Grenadines|joshuahughes@roberts.com|2024-10-16 16:46:17|2024-10-24 14:38:21|1|2024-12-16 22:00:00|Confirmed|3|Cricket|13|649.9399999999999|248.14|42|45|9|27|2051.81|466.91999999999996
8894720351|Troy Cortez|1998-08-12|26|Female|0433 Justin Viaduct Apt. 403 Chaneyfurt, ND 17685|Canada|troycortez@hotmail.com|2024-05-19 16:29:43|2024-10-22 00:30:54|2|2025-01-10 18:29:53|Confirmed|1|Cricket|16|969.54|369.89|40|59|14|43|3149.76|986.66
9677001723|John Owens|2005-11-14|19|Male|5769 Michael Walk Apt. 277 Lorichester, HI 96530|Cuba|johnowens@yahoo.com|2023-11-07 09:18:28|2024-10-18 16:32:30|1|2024-04-20 03:21:34|Confirmed|2|Cricket|16|791.36|246.76000000000002|34|44|12|25|2365.41|752.47
6480347263|Aaron Jones|1974-12-18|50|Male|885 Joseph Greens Suite 804 Williamfort, NJ 80083|Australia|aaronjones@gmail.com|2022-07-11 23:12:36|2022-10-28 16:28:01|1|2022-12-22 16:15:28|Confirmed|1|Cricket|9|430.81|133.52|34|45|11|34|2344.28|706.5
6451644387|Tracy Molina|1973-06-23|51|Female|13043 Jordan Corners Apt. 836 Donnaland, DE 99605|British Indian Ocean Territory (Chagos Archipelago)|tracymolina@yahoo.com|2023-04-17 23:47:37|2024-06-04 09:17:09|1|2024-07-11 06:47:15|Confirmed|2|Cricket|18|1106.3700000000001|532.6899999999999|37|52|14|35|2901.13|999.54
0485837296|April Landry|1982-08-13|42|Female|USS David FPO AP 18386|Czech Republic|aprillandry@yahoo.com|2023-09-25 01:02:56|2024-07-23 00:25:03|1|2024-07-11 10:16:06|Confirmed|1|Football|13|598.3100000000001|128.99|33|47|14|34|2257.8900000000003|578.51
3325595648|Susan Jones|1977-12-01|47|Female|3583 Taylor Trail Johnhaven, TX 81746|Pakistan|susanjones@gmail.com|2024-04-29 07:47:18|2024-08-10 11:12:37|1|2024-05-23 20:50:52|Confirmed|1|Cricket|17|861.47|693.39|43|57|11|35|2993.75|1092.22
2151660861|Katie Evans|1968-05-04|56|Male|6888 Eddie Village Apt. 174 South Laceytown, GA 18880|Antigua and Barbuda|katieevans@buck.com|2022-01-09 14:10:53|2024-04-13 07:15:03|1|2022-10-02 05:15:59|Confirmed|1|Cricket|13|589.1800000000001|129.44|33|41|9|24|1814.8300000000002|391.75
1810500785|Michael Mercado|2004-03-11|20|Male|56661 Elizabeth Gateway Apt. 672 Guzmanchester, NJ 44951|Antigua and Barbuda|michaelmercado@hotmail.com|2022-10-21 07:44:42|2022-12-18 17:07:12|1|2022-10-30 07:58:13|Confirmed|2|Cricket|17|877.8100000000001|474.33|38|52|12|35|2637.83|584.99
2320991026|Natalie Jimenez|2004-07-30|20|Female|Unit 2161 Box 5818 DPO AA 25368|Panama|nataliejimenez@gmail.com|2024-06-18 21:52:12|2024-09-14 01:33:07|1|2024-09-26 21:48:55|Confirmed|2|Greyhounds|13|759.75|212.78|33|43|9|31|2339.51|693.65
7212445158|Tom Taylor|1972-06-06|52|Male|834 Bishop Land Apt. 378 Sanderston, AK 04700|Guernsey|tomtaylor@proctor.net|2022-02-27 00:59:12|2022-12-24 08:53:59|1|2024-01-04 23:45:42|Confirmed|3|Greyhounds|11|653.45|-79.75|39|49|15|31|2560.57|637.68
5815771310|Angela Lee|1950-10-07|74|Female|822 Diane Rue Suite 152 East Johnchester, PA 05103|Ecuador|angelalee@clark.net|2022-10-09 10:20:54|2024-11-12 23:26:36|1|2024-08-09 02:35:52|Confirmed|2|Horse Racing|12|429.56|146.78|42|49|13|34|2178.6|599.26
9074217629|Natalie Graham|1989-06-02|35|Male|6319 Caroline Curve Stephenton, NJ 85357|Ireland|nataliegraham@yahoo.com|2023-05-31 09:59:09|2023-09-11 00:24:11|1|2023-06-14 03:25:50|Confirmed|2|Cricket|15|920.66|516.47|34|51|18|38|2426.67|1153.52
3318314626|Brandi Hughes|1977-06-29|47|Female|515 Gray Drive Franklinport, LA 95434|Zimbabwe|brandihughes@smith.org|2022-05-24 06:35:01|2024-06-22 21:10:14|1|2023-12-02 18:34:42|Confirmed|1|Cricket|7|426.66|166.98000000000002|30|38|14|30|1912.79|578.69
7918325660|Jennifer Collier|1971-01-28|53|Male|7767 Scott Way Ayalaside, OK 58627|Cote d'Ivoire|jennifercollier@yahoo.com|2023-03-12 20:00:25|2024-04-24 03:12:38|1|2024-03-18 06:11:16|Confirmed|1|Cricket|17|934.42|134.6|36|51|17|39|2403.57|420.84999999999997
4839168964|Kimberly Garcia|1992-01-30|32|Female|566 Michelle Heights Suite 910 Melissahaven, AZ 69293|Poland|kimberlygarcia@gmail.com|2023-05-04 12:13:44|2024-10-01 04:48:44|1|2023-10-02 05:01:58|Confirmed|1|Cricket|22|1200.11|468.38|42|55|16|39|2722.85|779.87
2616545093|Mary Ward|1966-06-28|58|Male|68220 Gregory Extension Jenniferland, CT 87896|Angola|maryward@hotmail.com|2022-11-11 08:36:05|2023-05-16 19:16:05|2|2024-05-11 23:53:09|Confirmed|2|Cricket|12|644.08|333.97|34|44|13|25|2273.72|418.50000000000006
6788980882|Stacy Jones|1957-12-01|67|Male|1927 Oneal Bypass Hoffmanland, IN 48607|Sao Tome and Principe|stacyjones@gmail.com|2024-04-18 09:27:03|2024-05-12 14:02:59|1|2024-06-04 19:43:22|Confirmed|1|Cricket|14|487.93|295.43|42|55|14|33|2673.55|1000.24
2715192071|Michael Diaz|2005-07-07|19|Female|8184 Jesse Expressway North James, NY 90900|Togo|michaeldiaz@lynch.net|2023-09-05 10:57:12|2024-04-15 23:04:48|1|2024-10-02 21:48:14|Confirmed|1|Football|9|513.73|310.65|38|42|15|28|2349.38|868.0699999999999
2085918165|Ronnie Hickman|1974-04-16|50|Male|56227 Wilkinson Locks Suite 931 Kirkchester, ID 62784|Equatorial Guinea|ronniehickman@gmail.com|2022-07-29 15:40:29|2024-08-13 03:22:09|1|2023-07-19 09:41:57|Confirmed|2|Cricket|12|749.74|572.8100000000001|40|60|20|46|2854.7400000000002|843.9300000000001
2513943712|Christian Clark|1951-11-05|73|Female|9615 Brenda Villages Apt. 124 South Tammyview, FL 37207|United Kingdom|christianclark@hotmail.com|2024-06-24 00:42:42|2024-07-19 19:43:07|2|2024-08-01 22:33:51|Confirmed|1|Greyhounds|12|474.46|278.02|36|44|11|31|2073.0699999999997|906.03
9461817167|Ronald Reyes|1999-10-24|25|Female|PSC 7959, Box 1197 APO AP 08918|Malaysia|ronaldreyes@moody.info|2023-04-26 04:02:41|2024-09-24 18:46:35|1|2024-10-09 21:44:29|Confirmed|2|Greyhounds|10|603.9|173.72|38|45|14|33|2392.93|236.45
6452810779|Aaron Lee|1971-02-08|53|Female|068 Palmer Crossroad Port Susan, DC 83477|Korea|aaronlee@wade-munoz.com|2023-05-01 06:53:13|2024-06-10 05:53:06|1|2023-09-23 08:43:39|Confirmed|1|Basketball|14|776.79|405.9|40|55|21|42|2889.3199999999997|888.5999999999999
9329639089|Daniel Andrews|1976-06-02|48|Male|49246 Kendra Courts New Frank, WV 68436|Colombia|danielandrews@drake.org|2022-11-28 01:46:35|2023-03-06 04:23:09|1|2023-08-04 11:29:01|Confirmed|1|Cricket|18|862.42|-172.8|34|44|12|35|2222.95|161.03
4771933882|Kimberly Roberts|2005-07-04|19|Female|32564 Roberts River Suite 915 Marcusfurt, FL 10533|Denmark|kimberlyroberts@montoya-rivera.com|2022-03-10 07:25:27|2024-04-26 00:09:51|1|2023-09-23 17:37:45|Confirmed|2|Cricket|12|508.40000000000003|275.49|33|39|16|31|1894.01|1034.62
1610456798|Roy Hernandez|1975-11-11|49|Female|USCGC Hines FPO AA 54396|Malawi|royhernandez@prince.org|2023-06-20 17:58:09|2023-11-08 12:29:21|1|2024-11-19 21:40:55|Confirmed|1|Cricket|10|596.72|159.62|36|44|12|32|2521.69|314.41
3109059430|Emma Bennett|1991-08-15|33|Male|937 Kevin Shore Apt. 035 Brandonside, FL 14711|Ireland|emmabennett@cook.com|2022-07-08 10:58:22|2023-07-22 01:01:54|1|2022-09-25 21:23:52|Confirmed|1|Cricket|10|595.61|119.44|42|57|16|37|2862.9700000000003|802.92
8376643532|Brandon Steele|1961-03-31|63|Male|94393 Austin Via Suite 993 Lynnburgh, WI 55132|Qatar|brandonsteele@luna-jones.biz|2024-11-15 17:50:43|2024-11-30 18:46:14|1|2024-12-23 01:30:31|Confirmed|1|Greyhounds|15|650.08|504.91|45|55|10|38|2817.08|972.52
1985041242|Ryan Walters|1994-07-28|30|Female|04548 Andrew Islands New Monicaport, ND 19713|Bolivia|ryanwalters@barton-thornton.com|2022-03-31 15:50:03|2023-06-13 16:14:36|1|2024-07-25 06:11:28|Confirmed|1|Cricket|13|733.16|354.17|39|48|12|39|2094.85|788.1700000000001
6727792809|Dillon Ramos|1975-12-01|49|Male|839 Kristina Centers Apt. 889 Lake Gerald, MA 13302|Uzbekistan|dillonramos@hotmail.com|2024-03-11 00:22:49|2024-10-05 00:11:16|2|2024-10-23 07:15:38|Confirmed|2|Horse Racing|10|358.01|57.41|39|50|18|37|2433.19|542.03
5175849471|James Rodriguez|1977-04-15|47|Male|118 Smith Port Suite 149 Johnbury, NC 53213|Norfolk Island|jamesrodriguez@yang.com|2023-01-09 12:07:02|2023-02-12 15:23:05|1|2023-10-25 00:15:04|Confirmed|1|Cricket|12|542.6899999999999|180.67000000000002|45|57|21|42|2512.02|773.7
5881861626|Anthony Zavala|1977-12-12|47|Male|14730 Jared Summit Apt. 090 Trevorbury, UT 75573|Ireland|anthonyzavala@yahoo.com|2023-10-16 21:42:17|2024-06-30 12:47:33|1|2024-05-05 03:15:58|Confirmed|2|Cricket|13|559.25|9.37|45|60|19|40|2916.09|902.75
2726410879|Donald Harper|1965-12-21|59|Male|7262 Diana Mountain Suite 677 South Kristinfort, WI 82661|Syrian Arab Republic|donaldharper@gmail.com|2023-04-14 15:31:02|2024-11-28 22:44:43|1|2023-08-25 07:34:54|Confirmed|2|Cricket|15|779.82|220.71|35|41|13|26|1913.81|406.95
0095951743|Seth Rice|1996-04-11|28|Male|85623 Curtis Divide Maryburgh, PA 74193|Cook Islands|sethrice@hotmail.com|2024-11-04 11:47:09|2024-12-07 23:50:55|1|2024-11-23 11:52:34|Confirmed|2|Cricket|16|941.43|289.65|49|63|17|45|3443.91|678.51
7953005062|Mr. Robert Gordon Jr.|1967-12-26|57|Male|972 Sarah Village Josephshire, NV 78435|Iceland|mrrobertgordonjr@yahoo.com|2023-02-13 21:50:55|2023-08-29 04:44:21|1|2023-06-03 04:09:21|Confirmed|2|Greyhounds|14|698.88|120.11|41|53|14|37|2637.61|705.5
5428758563|Kyle Little|1978-07-26|46|Male|Unit 6779 Box 7329 DPO AE 13829|Hong Kong|kylelittle@gmail.com|2024-09-11 15:01:40|2024-09-16 08:01:55|1|2024-10-05 12:55:50|Confirmed|1|Basketball|11|415.95|186.17000000000002|38|46|17|30|1879.08|1045.34
0989373849|Laurie Miller|1951-07-02|73|Male|194 Hardin Oval Suite 568 Angelafort, MS 51130|Croatia|lauriemiller@hotmail.com|2024-09-17 22:04:52|2024-11-25 19:02:11|2|2024-12-27 00:05:00|Confirmed|1|Cricket|14|701.34|588.46|43|56|8|32|2699.88|1051.46
4298154027|Jacqueline King|1999-11-24|25|Male|7536 Tracey Turnpike Apt. 700 East Johnmouth, OR 32164|Serbia|jacquelineking@keller.com|2022-01-10 04:24:34|2023-09-19 21:44:01|1|2023-02-07 21:11:58|Confirmed|1|Cricket|17|806.85|362.8|43|53|19|37|2870.26|1077.96
3318989968|Robert Smith|2001-04-20|23|Male|9085 Michael Loaf Michelletown, NC 21607|Brunei Darussalam|robertsmith@munoz.biz|2024-07-27 19:16:28|2024-12-21 12:29:41|1|2024-08-31 23:09:05|Confirmed|2|Horse Racing|12|477.79|297.02|42|47|15|33|2086.1800000000003|336.7
1111426940|Sean Hicks|1990-06-30|34|Female|Unit 3951 Box 7842 DPO AA 33418|Dominica|seanhicks@herrera-gonzalez.com|2023-04-20 11:03:21|2024-11-10 00:55:30|1|2024-12-06 20:31:16|Confirmed|1|Cricket|13|844.51|74.13|42|54|19|40|2891.1800000000003|979.91
0637918936|Daniel Mendez|1988-03-12|36|Male|8391 Lawrence Road Rogersland, WA 56908|Cook Islands|danielmendez@waters.com|2024-05-09 13:47:12|2024-06-17 15:44:45|1|2024-06-14 20:13:38|Confirmed|1|Football|11|576.16|76.28999999999999|32|39|14|27|1962.24|367.21
8706817544|Carol Bowen PhD|1966-09-27|58|Male|68126 Anderson Gateway South Thomas, SD 42661|Antigua and Barbuda|carolbowenphd@yahoo.com|2023-02-15 14:02:29|2023-07-07 03:32:50|1|2024-01-22 02:05:17|Confirmed|2|Cricket|20|972.62|72.6|41|50|15|34|2606.34|669.51
7242103996|Jessica Bradley|2002-09-28|22|Female|717 Mason Path Apt. 498 North Ianmouth, CA 39284|Bosnia and Herzegovina|jessicabradley@gmail.com|2024-07-18 22:34:49|2024-09-05 07:16:14|1|2024-09-15 10:38:46|Confirmed|2|Greyhounds|12|542.39|146.67999999999998|41|58|16|37|2795.38|1642.1499999999999
8196535813|Michael Burton|1963-02-05|61|Female|788 Christine Shores Apt. 014 West Sherrymouth, DE 04810|Solomon Islands|michaelburton@ruiz.com|2024-04-07 17:34:17|2024-10-05 08:19:57|1|2024-08-24 16:46:53|Confirmed|1|Cricket|15|887.3100000000001|109.33|45|56|13|38|2565.03|736.9
3143968745|Kristina Chen|1961-06-15|63|Male|6282 Brandi Groves North Ericaton, PA 95148|Solomon Islands|kristinachen@edwards-fernandez.org|2024-11-14 13:19:31|2025-01-05 03:47:01|1|2024-12-10 23:20:14|Confirmed|1|Horse Racing|14|797.39|121.53999999999999|37|45|14|30|2598.5299999999997|116.0
6492767993|Courtney Rogers|2000-12-02|24|Male|14164 Short Wells Apt. 535 Lake Nicole, MN 51565|Holy See (Vatican City State)|courtneyrogers@hayes.com|2022-11-21 13:14:38|2023-12-11 23:46:06|2|2024-12-04 05:01:23|Confirmed|2|Cricket|16|828.08|352.97|35|45|10|31|2331.07|1082.15
7439764333|Christopher Drake|2003-05-06|21|Female|0836 Brown Pike Suite 174 Nunezville, CA 13079|Guadeloupe|christopherdrake@hotmail.com|2023-05-27 08:55:51|2024-05-05 07:04:59|1|2024-03-28 00:08:26|Confirmed|2|Greyhounds|16|672.0|186.68|40|57|14|41|2716.73|1091.11
5361439421|Anne Mason|1988-03-23|36|Female|USNV Hammond FPO AE 65000|Panama|annemason@santos-wheeler.com|2024-07-22 00:32:09|2024-11-21 17:40:04|1|2025-01-01 22:34:39|Confirmed|2|Cricket|17|722.84|134.27|38|49|12|31|2594.02|893.45
9786340134|Brooke King|2000-03-27|24|Male|777 Thompson Trail Marcfurt, SD 91296|Sierra Leone|brookeking@wheeler.com|2022-09-12 13:16:13|2024-07-07 14:12:52|1|2022-10-20 15:59:17|Confirmed|1|Basketball|15|716.78|275.02|43|54|17|37|2716.41|505.42999999999995
8966570207|Benjamin Armstrong|1972-01-12|52|Male|348 Hanna Locks Mcdanielland, MT 59253|Mauritius|benjaminarmstrong@vasquez.com|2022-03-02 20:03:05|2024-08-30 03:35:14|1|2024-03-12 17:07:23|Confirmed|1|Greyhounds|12|607.77|309.26|40|50|13|27|2941.31|1340.46
0389935850|Adam Sims|1991-11-03|33|Male|805 Ramirez Hills Apt. 880 Casestad, MD 03498|Colombia|adamsims@hotmail.com|2023-01-13 03:55:52|2024-04-23 22:58:17|1|2023-03-12 20:53:45|Confirmed|1|Greyhounds|15|751.93|202.31|37|51|17|31|2460.85|847.47
0814112905|Nathan Kim|2006-04-24|18|Female|549 Sarah Centers Suite 478 East Kevin, KS 36988|Vietnam|nathankim@gomez-woods.com|2024-01-31 12:52:25|2024-11-13 14:57:41|2|2024-09-25 00:58:54|Confirmed|1|Cricket|15|821.66|516.76|35|50|19|40|2503.27|1038.06
6046564998|Megan Taylor|1983-08-06|41|Male|8281 Smith Radial Suite 553 Lake Lisafurt, FL 55456|French Guiana|megantaylor@perez.info|2024-10-14 08:20:00|2024-12-24 13:37:45|2|2024-11-20 18:19:15|Confirmed|1|Horse Racing|14|729.39|246.98000000000002|44|50|14|33|2414.08|733.53
5680392554|Valerie Evans|1980-05-29|44|Female|562 Steven Mill North Sandra, VA 13641|Christmas Island|valerieevans@gmail.com|2024-03-20 22:53:54|2025-01-10 00:57:09|2|2024-10-22 19:44:36|Confirmed|2|Cricket|15|842.9499999999999|225.15|36|46|18|33|2207.23|78.53999999999999
7181477366|Joshua Gutierrez|2001-06-01|23|Male|320 Pope Cliff Apt. 851 West Jessica, NJ 32681|Korea|joshuagutierrez@jones.net|2023-09-18 10:08:38|2024-05-04 12:42:09|2|2024-02-06 00:47:08|Confirmed|2|Cricket|15|794.05|194.98000000000002|36|41|13|31|2298.37|451.56
4908617590|Linda Andrews|2004-04-21|20|Male|950 Alisha Garden Apt. 516 East Christopher, HI 58915|Bouvet Island (Bouvetoya)|lindaandrews@bailey.org|2022-12-16 16:14:33|2023-04-14 06:38:27|1|2024-02-15 15:34:12|Confirmed|2|Greyhounds|14|789.71|159.5|41|50|16|40|2540.59|280.6
6271531388|Eduardo Blair|2004-11-03|20|Female|97961 Cooley Ranch Michelemouth, NJ 55516|Grenada|eduardoblair@olson.com|2022-06-14 12:16:01|2023-09-14 20:48:18|2|2024-08-19 01:52:50|Confirmed|1|Cricket|15|789.01|152.32999999999998|39|56|13|35|3039.73|986.11
0761026440|Tyler Rodriguez|1987-02-08|37|Male|948 Romero Throughway Marktown, WA 26351|Austria|tylerrodriguez@hotmail.com|2023-07-08 05:44:39|2024-07-25 05:13:36|1|2024-06-03 14:27:07|Confirmed|1|Greyhounds|12|810.24|624.3|37|45|14|30|2341.12|1063.1299999999999
1193970305|William Peterson|1983-06-26|41|Male|607 Jones Manors Suite 669 North Kimberlyton, MA 91068|Burundi|williampeterson@yahoo.com|2023-05-14 20:29:55|2024-06-03 15:39:38|2|2024-10-05 20:24:31|Confirmed|1|Greyhounds|14|645.66|511.69|32|42|9|23|2056.87|699.56
5447126266|Kevin Cook|2003-02-11|21|Male|USCGC White FPO AE 88041|Antarctica (the territory South of 60 deg S)|kevincook@sanders-swanson.biz|2024-02-11 20:51:33|2024-12-16 15:26:32|2|2024-08-06 02:20:38|Confirmed|1|Cricket|18|882.47|408.53|40|59|15|39|3240.66|1536.57
4103177620|Robin Simpson|1958-10-13|66|Female|0520 White Island Suite 085 Michaelfort, NM 39868|Tunisia|robinsimpson@foster-middleton.com|2023-05-01 09:35:54|2024-07-03 15:19:30|2|2024-04-14 22:57:17|Confirmed|2|Cricket|10|615.37|21.429999999999993|32|39|14|32|2335.09|436.59000000000003
8648149061|Connie Clayton|1980-05-21|44|Male|259 Wendy Glens Sullivanfurt, MS 41904|Philippines|connieclayton@williams.info|2023-06-20 11:17:58|2024-03-12 23:11:20|2|2024-12-01 20:47:58|Confirmed|1|Greyhounds|7|261.2|56.22|33|38|10|25|1679.4399999999998|576.93
2072983633|Heidi Maxwell|1997-03-15|27|Male|3599 White Pike New Robert, NJ 98869|Palestinian Territory|heidimaxwell@gmail.com|2022-01-13 06:23:21|2023-10-13 00:48:33|2|2024-11-28 10:52:14|Confirmed|1|Cricket|15|906.23|447.71|41|57|21|38|2838.8199999999997|945.89
5746522115|Jeffery Duncan|2000-03-26|24|Male|1567 Collins Spring Suite 379 Hunterfort, PA 03717|Niger|jefferyduncan@yahoo.com|2023-06-02 01:16:33|2023-07-11 04:49:03|1|2024-05-16 18:00:08|Confirmed|2|Cricket|24|1168.73|544.93|40|62|15|40|3063.31|1019.3599999999999
8680995283|Keith Nguyen|1961-09-23|63|Female|891 Alex Avenue Suite 277 West Andreatown, ID 64920|Norfolk Island|keithnguyen@marshall.info|2024-04-16 02:02:54|2024-07-02 00:05:53|1|2024-10-10 19:47:00|Confirmed|1|Cricket|14|839.9300000000001|126.35|45|56|16|30|2988.03|472.65
6200626946|Kelsey Brown|1952-11-30|72|Male|1613 Paula Land Suite 174 New Earl, NC 65633|Saint Vincent and the Grenadines|kelseybrown@yahoo.com|2022-05-01 12:58:02|2024-12-17 06:23:34|3|2024-05-08 20:47:29|Confirmed|2|Cricket|18|895.44|-76.82000000000001|37|46|9|32|2415.3|677.47
2972928202|Tanya Lopez|1986-02-17|38|Male|93864 Jorge Glens Suite 308 Loriport, NM 59270|Netherlands Antilles|tanyalopez@sparks.com|2022-02-26 01:27:50|2024-09-22 21:44:16|1|2025-01-11 05:09:13|Confirmed|1|Cricket|15|798.76|172.16|42|63|19|50|3247.63|1082.51
8379194512|Jason Ward|1982-01-12|42|Male|366 Poole Branch Chrisport, HI 80923|Cocos (Keeling) Islands|jasonward@yahoo.com|2022-05-28 21:24:09|2022-11-15 07:07:56|3|2024-07-23 14:28:17|Confirmed|1|Greyhounds|15|942.24|251.85999999999999|41|61|13|44|3363.87|794.06
5168604388|Justin Johnson|1982-05-27|42|Female|57307 Henderson Groves Apt. 539 Brianchester, NC 03374|Holy See (Vatican City State)|justinjohnson@wilson-jones.org|2023-02-19 10:24:13|2024-08-31 07:08:54|1|2024-04-02 16:58:52|Confirmed|3|Cricket|15|701.18|304.87|39|43|7|29|1946.4499999999998|834.73
9726518295|Michael Anderson|1984-09-03|40|Male|0797 Annette Brooks Suite 125 Michaelbury, CA 22768|Guam|michaelanderson@rodriguez.info|2022-12-19 12:00:57|2024-04-08 18:09:51|1|2024-09-26 09:47:08|Confirmed|2|Horse Racing|17|970.9499999999999|105.67|36|46|12|30|1984.04|439.79
1890965299|Patricia Palmer|1972-08-12|52|Male|08648 Marvin Rapid Apt. 856 South Christinebury, ND 55197|Guadeloupe|patriciapalmer@taylor.biz|2023-05-01 19:50:21|2023-06-02 09:50:01|1|2024-01-16 05:45:07|Confirmed|2|Cricket|10|637.82|345.75|40|50|18|36|3043.39|690.36
6197751692|Juan Henderson|1998-01-06|27|Male|75513 Cline Mission Donaldview, WI 60352|American Samoa|juanhenderson@gmail.com|2023-08-04 15:28:57|2023-10-25 22:58:34|1|2023-12-20 06:49:33|Confirmed|1|Basketball|7|401.55|171.88|36|48|10|33|2360.98|1121.44
8370415306|Dana Beard|2005-07-31|19|Male|USS Davis FPO AA 70569|Greece|danabeard@yahoo.com|2022-07-20 21:59:48|2024-10-12 01:47:47|3|2024-10-07 19:34:56|Confirmed|1|Greyhounds|17|802.77|409.76|35|47|8|28|2313.61|518.3
9082932096|Jill Kennedy|1997-02-25|27|Female|USS Wilcox FPO AA 45437|Estonia|jillkennedy@massey.com|2022-07-26 11:19:40|2023-02-21 00:08:41|2|2023-12-04 15:21:45|Confirmed|1|Cricket|15|772.88|313.34|37|51|18|35|2518.85|1273.6
5382131119|Elizabeth Alexander|2004-06-06|20|Male|644 Bridget Turnpike Apt. 389 Ashleytown, OR 15331|Qatar|elizabethalexander@yahoo.com|2022-08-05 04:09:06|2024-08-10 13:54:18|1|2024-09-28 15:41:54|Confirmed|1|Cricket|19|1033.36|98.12000000000002|41|53|8|37|2785.8599999999997|973.73
0807374721|Mark Lopez|1981-02-22|43|Female|90952 Oscar Ports Apt. 539 Port Micheal, MS 99750|Lithuania|marklopez@valencia.com|2024-01-02 03:04:29|2024-06-01 11:04:29|2|2024-11-19 20:43:55|Confirmed|2|Horse Racing|13|617.69|366.26|43|58|18|44|2913.1400000000003|1137.1200000000001
1386393696|Jessica Jenkins|1977-05-14|47|Female|Unit 7123 Box 2284 DPO AA 41410|Senegal|jessicajenkins@moore.com|2024-12-21 16:45:07|2025-01-07 23:41:45|1|2025-01-07 01:43:58|Confirmed|2|Cricket|18|700.16|549.53|38|54|11|35|2381.25|1027.87
7375238433|Gloria Daniel|1993-08-02|31|Female|6413 Stephanie Rapid Suite 363 Zacharymouth, IN 14885|Algeria|gloriadaniel@garcia.com|2023-12-11 10:02:37|2024-01-30 09:02:47|1|2024-04-14 17:45:33|Confirmed|1|Cricket|12|658.11|506.54|43|56|22|47|2803.4700000000003|967.57
5613205787|Mrs. Crystal Clark|2002-10-06|22|Female|30682 Juan Trafficway Suite 779 Gillburgh, MS 82596|Western Sahara|mrscrystalclark@yahoo.com|2022-12-09 14:55:03|2024-06-21 21:58:40|1|2024-12-29 12:26:46|Confirmed|1|Horse Racing|12|593.9|41.36|33|40|13|28|1908.7399999999998|939.9200000000001
2208151056|Kelly Sanders|1986-06-10|38|Male|USCGC Castro FPO AE 70178|San Marino|kellysanders@rhodes.com|2024-09-17 09:00:41|2024-10-19 20:15:33|1|2024-10-26 04:59:35|Confirmed|1|Greyhounds|14|614.81|140.53|39|54|16|39|2468.79|755.23
2021991646|Kimberly Castaneda|1966-03-19|58|Male|88871 Diaz Crossing New Bradton, IA 40077|Poland|kimberlycastaneda@gmail.com|2023-08-15 17:18:34|2024-03-03 09:20:56|1|2024-05-18 00:49:17|Confirmed|1|Basketball|9|472.96|118.14999999999999|31|37|8|21|1773.37|623.79
1235312094|Maurice Archer|1967-01-24|57|Female|473 Stafford Spring Apt. 139 Lake Jeffrey, NM 56585|China|mauricearcher@hotmail.com|2023-06-28 01:14:19|2023-12-10 03:36:58|1|2024-09-13 12:13:35|Confirmed|1|Football|16|896.55|456.51|37|51|18|34|2504.2799999999997|918.59
9073421753|Aaron Hughes|1997-12-14|27|Female|5954 Stacey Passage Suite 278 Philipshire, KY 41243|Belarus|aaronhughes@yahoo.com|2023-11-10 15:00:37|2024-09-24 01:14:21|1|2024-04-08 03:09:04|Confirmed|2|Cricket|13|613.89|162.49|39|48|15|35|2213.37|985.17
3332547882|Linda Dunlap|1951-09-21|73|Male|12751 Erica Coves Suite 386 Elizabethstad, NY 75746|Fiji|lindadunlap@frazier.com|2023-08-27 22:14:31|2024-01-01 18:39:02|2|2025-01-12 12:57:35|Confirmed|4|Cricket|17|870.43|129.92|38|43|10|28|2199.37|384.41999999999996
9564013291|Lauren Matthews|1961-03-11|63|Female|3286 David Radial Allenport, WV 71286|Uganda|laurenmatthews@hotmail.com|2024-11-25 23:40:08|2024-12-10 15:18:14|2|2024-12-31 13:29:22|Confirmed|1|Cricket|12|486.58|250.8|32|37|8|27|1654.04|496.38
3563431603|Robert Turner|1961-12-02|63|Female|98340 James Crossing Tonyaport, KY 04393|Sweden|robertturner@gmail.com|2022-02-06 12:46:11|2022-12-03 22:34:01|1|2024-12-31 10:22:20|Confirmed|2|Basketball|17|617.15|351.5|42|59|21|37|2788.29|984.54
6503592745|Kevin Thompson|1957-06-08|67|Male|83618 Timothy Island Murrayview, NV 98070|Botswana|kevinthompson@hotmail.com|2024-12-14 23:34:54|2025-01-05 00:47:43|1|2024-12-19 23:19:16|Confirmed|2|Cricket|15|633.02|92.99|32|41|14|29|1871.03|667.18
9897131208|Steven West|1964-07-16|60|Male|USCGC Rice FPO AE 01817|Guadeloupe|stevenwest@yahoo.com|2024-06-17 08:19:19|2025-01-08 21:57:22|2|2024-09-21 17:23:35|Confirmed|1|Cricket|13|738.83|139.41|40|52|16|34|2562.19|921.93
2275098217|Tiffany Edwards|1967-06-28|57|Male|19656 Sheila Terrace North Ryanchester, IN 92702|Germany|tiffanyedwards@abbott.com|2023-01-31 14:05:07|2024-05-21 04:49:53|1|2024-11-29 13:02:16|Confirmed|2|Horse Racing|11|426.81|338.29|35|46|14|33|2391.88|346.58000000000004
8938266642|Benjamin Gray|2000-07-27|24|Male|41912 Patel Circles Suite 252 East Ronald, IA 57889|Somalia|benjamingray@lopez.biz|2022-02-05 22:26:59|2023-03-07 02:09:22|2|2024-10-19 14:18:45|Confirmed|1|Greyhounds|9|473.5|128.8|32|37|6|21|1954.49|478.32
7123202703|Tracy Smith|1977-12-30|47|Female|920 Jillian Groves Apt. 469 West Amyshire, IL 70505|Thailand|tracysmith@gmail.com|2022-09-29 11:40:21|2024-08-28 10:15:43|1|2023-08-07 15:50:09|Confirmed|1|Cricket|16|835.96|31.850000000000012|37|50|13|34|2209.39|263.26
3979322039|Leah Mitchell|1966-01-22|58|Female|8966 Albert Brooks Apt. 290 Port Brian, VT 78512|Zambia|leahmitchell@dean-hawkins.biz|2023-03-02 07:35:32|2023-08-26 14:47:34|1|2024-06-13 21:38:06|Confirmed|1|Cricket|20|917.6|586.65|38|56|16|36|2707.57|598.9899999999999
6154143269|Madison Flowers|1951-07-12|73|Female|009 Donna Via Apt. 610 Lake Tracyfort, RI 85467|Kiribati|madisonflowers@owens.com|2022-09-13 17:36:47|2024-09-22 18:23:52|1|2024-05-19 13:17:10|Confirmed|3|Cricket|14|673.41|261.52|35|40|14|32|1996.48|589.3299999999999
6433666373|Dr. James Oneal|1957-11-19|67|Male|Unit 4798 Box 0371 DPO AA 13574|Italy|drjamesoneal@gmail.com|2023-01-17 15:38:50|2023-08-11 03:04:37|1|2023-11-25 13:07:31|Confirmed|1|Cricket|14|656.44|328.48|39|53|16|35|2485.46|1034.6000000000001
2344195235|John Mason|1950-06-08|74|Male|15340 Wagner Haven Ruizmouth, NY 54258|United Arab Emirates|johnmason@hotmail.com|2023-05-24 14:21:02|2024-01-24 06:41:07|1|2024-01-05 08:22:34|Confirmed|1|Cricket|11|433.96|14.18|35|49|14|35|2318.33|261.28
2252217617|Julie Warner|1989-09-05|35|Female|5322 Ashley Manor Maryfurt, WI 62606|Mongolia|juliewarner@gmail.com|2023-12-16 01:55:30|2024-01-20 06:26:54|1|2024-11-27 05:07:38|Confirmed|1|Cricket|14|741.1899999999999|410.76|43|58|14|41|3029.73|1367.82
7910574756|Rick Banks|1967-03-17|57|Male|273 Daniel Manors Apt. 967 Watsonberg, NE 03530|Lebanon|rickbanks@johnson.com|2022-01-05 14:55:45|2024-07-15 19:42:33|3|2024-08-14 17:00:44|Confirmed|2|Cricket|12|376.26|158.63|38|48|10|28|2253.17|700.98
2983814248|Mrs. Mariah Miller|1969-02-08|55|Male|USNV Mccormick FPO AE 30622|Gabon|mrsmariahmiller@gallagher.com|2023-03-26 00:15:57|2024-12-08 05:15:17|1|2023-08-06 19:14:04|Confirmed|2|Cricket|10|581.6|269.87|39|52|15|32|2785.4300000000003|658.2
5526891340|Christopher Short|1951-07-19|73|Female|5681 Thomas Villages Suite 043 East Katherinehaven, DE 81129|Slovenia|christophershort@hotmail.com|2023-01-18 21:40:50|2024-03-23 17:33:00|1|2023-07-15 22:10:19|Confirmed|1|Cricket|11|794.35|434.93|36|47|17|37|2574.9700000000003|709.9100000000001
7532885113|Sydney Cox|1961-06-28|63|Female|693 John Path Apt. 076 Port Shane, VT 01726|Monaco|sydneycox@gmail.com|2022-03-07 11:24:12|2022-12-17 11:18:14|1|2023-05-03 09:31:38|Confirmed|2|Cricket|11|725.65|643.08|36|38|6|26|2167.43|1382.03
5716005411|William Kramer|1989-10-29|35|Female|701 Bethany Wells Apt. 010 Monicaville, AL 64053|Indonesia|williamkramer@dyer-bennett.net|2022-07-31 05:26:22|2022-10-01 08:55:54|3|2024-12-08 19:03:46|Confirmed|1|Cricket|15|940.27|109.71|41|55|17|36|3034.18|714.36
8471854062|Reginald Snyder|1969-03-28|55|Male|72408 Tapia Road Lake Michelle, VA 51676|Jordan|reginaldsnyder@johnson-smith.info|2022-06-08 06:07:03|2024-10-15 06:14:20|1|2023-12-14 07:29:48|Confirmed|2|Cricket|12|483.7|265.94|31|43|7|31|1974.67|662.52
8377930029|Edwin Hernandez|1950-08-29|74|Female|8635 Haynes Lights Port Anitaton, IN 26491|Guatemala|edwinhernandez@gonzalez.com|2022-11-24 06:55:00|2023-02-02 23:03:35|1|2023-10-06 03:40:24|Confirmed|1|Cricket|21|1177.25|351.7|44|67|18|43|3268.08|1334.84
1683278914|Matthew Gray|1966-07-11|58|Female|026 Theresa Drive Tarastad, AZ 50640|Saint Vincent and the Grenadines|matthewgray@hotmail.com|2024-05-24 21:29:02|2024-06-01 06:33:06|1|2024-10-23 16:14:58|Confirmed|2|Cricket|12|777.3100000000001|323.96000000000004|38|50|13|34|3038.38|1334.06
5859315413|Tammy Salazar|1985-11-12|39|None of Above|95950 William Mountain Suite 534 Port Veronicaberg, IN 58133|Nigeria|tammysalazar@ray.com|2023-12-24 23:05:14|2024-02-04 03:22:13|1|2024-07-27 09:55:22|Confirmed|1|Horse Racing|11|673.37|119.57|40|46|8|30|2638.65|1113.8500000000001
2603708503|Deborah Ross|1973-08-31|51|Male|44063 Mary Points Suite 922 East Jenniferton, CT 21614|Bhutan|deborahross@patterson.com|2022-12-21 01:13:05|2024-03-13 04:33:12|1|2024-11-25 04:32:28|Confirmed|2|Horse Racing|9|463.21000000000004|10.439999999999998|35|39|13|28|1713.31|416.76
7159278528|Aimee Reyes|1994-11-27|30|Male|01234 Lee Turnpike Valdezshire, NV 50366|Jordan|aimeereyes@yahoo.com|2024-10-21 07:47:57|2024-12-13 09:06:33|1|2024-12-21 11:32:41|Confirmed|1|Cricket|9|371.29|44.50999999999999|38|43|15|27|2091.31|652.2199999999999
2829158669|Michael Bell|1979-07-18|45|Male|5923 Nicholas Oval North Stephaniefurt, DE 88037|Niger|michaelbell@gmail.com|2024-10-17 22:14:51|2024-11-10 20:52:56|1|2024-11-06 08:54:29|Confirmed|2|Horse Racing|12|599.04|14.420000000000007|38|52|17|36|2614.78|858.25
6485962280|Brendan Lane|1959-04-16|65|Male|04014 Kristin Rue North Brianland, NY 45187|Wallis and Futuna|brendanlane@yahoo.com|2023-05-23 03:27:50|2023-06-04 13:31:13|1|2023-12-11 19:15:08|Confirmed|1|Greyhounds|12|749.02|290.3|28|34|12|23|1696.33|622.41
6038537561|Casey Walsh|1977-04-13|47|Male|PSC 0559, Box 2180 APO AA 24824|Hungary|caseywalsh@villarreal-singleton.info|2023-10-11 11:16:57|2024-03-13 18:53:54|1|2024-03-18 14:19:55|Confirmed|1|Cricket|17|616.37|184.53|32|44|8|30|2066.65|585.11
2538696187|Dr. Sarah Huber|1999-02-17|25|Male|0791 Jason Fork Suite 447 West Emily, GA 76805|Belarus|drsarahhuber@gmail.com|2024-08-04 06:07:31|2024-11-04 14:16:31|1|2024-11-10 05:29:39|Confirmed|1|Cricket|17|916.1|413.04|46|57|15|42|2989.19|1523.13
0776895907|Kristina Martin|1972-03-17|52|Male|691 Grace Court Apt. 489 Wangside, AK 32275|Spain|kristinamartin@gmail.com|2024-08-03 07:10:16|2024-10-24 06:54:45|2|2025-01-02 04:10:34|Confirmed|1|Cricket|19|1129.89|523.67|44|60|18|39|2973.71|1113.03
1142858497|Joshua Bennett|1952-04-12|72|Male|545 Cathy Corners Apt. 284 Chrisfort, ID 58540|Korea|joshuabennett@gmail.com|2022-03-20 19:51:46|2024-01-21 21:27:28|1|2023-03-31 10:19:41|Confirmed|2|Cricket|13|494.41|159.31|36|42|12|30|1823.18|755.0600000000001
7183949186|Andrew Singh|2000-10-28|24|Male|863 Jesse Roads Suite 506 West Ryan, LA 25440|Hungary|andrewsingh@gmail.com|2023-08-20 20:50:28|2023-09-14 16:29:51|1|2024-09-23 06:45:40|Confirmed|2|Cricket|15|773.24|500.11|38|47|12|37|2688.79|1079.97
6587360169|Courtney Adams|2002-08-08|22|Female|93225 Chapman Ports Robertsside, MA 03275|Wallis and Futuna|courtneyadams@gmail.com|2024-07-19 03:53:22|2024-10-03 10:08:17|1|2024-11-26 08:20:22|Confirmed|1|Cricket|20|1145.9|160.10999999999999|40|53|15|35|2852.67|772.15
1506336588|Amy Bender|1975-09-11|49|Female|50871 Sharon Track Apt. 340 Browntown, CT 47503|Tuvalu|amybender@yahoo.com|2022-05-05 20:21:12|2023-03-01 02:29:02|1|2024-03-31 00:48:47|Confirmed|1|Greyhounds|12|620.46|18.65|33|45|16|28|2050.28|659.07
7667344569|Norman Yu|1995-09-14|29|Male|814 Martinez Common East Susanmouth, AR 75762|Hungary|normanyu@yahoo.com|2023-11-27 16:16:10|2024-04-22 04:50:45|1|2024-08-25 21:05:47|Confirmed|3|Basketball|11|704.0500000000001|-12.619999999999987|30|35|7|22|2064.3|208.28000000000003
4182576384|Andrew Valdez|1971-11-25|53|Male|688 Aaron Summit North Tyler, UT 59014|Central African Republic|andrewvaldez@yahoo.com|2024-08-06 18:43:21|2024-12-15 20:27:52|1|2024-09-13 09:55:44|Confirmed|1|Cricket|18|1018.9|451.45|42|52|11|36|3090.87|1617.27
0107182300|Anthony Tyler|2000-01-16|24|Female|96506 Collins Islands Reevesmouth, TX 93962|Belgium|anthonytyler@ayala.info|2022-12-20 14:07:59|2023-10-24 10:07:24|3|2024-08-07 04:27:22|Confirmed|1|Basketball|11|716.15|172.24|42|45|9|31|2621.73|626.45
5930365422|Debra Moore|2006-10-05|18|Female|7858 Duran Locks Melanieview, MT 14793|Holy See (Vatican City State)|debramoore@morris-swanson.com|2022-09-07 01:01:29|2024-02-28 11:57:53|3|2024-12-22 11:59:24|Confirmed|2|Greyhounds|13|583.75|119.82999999999998|39|54|20|40|2689.94|800.38
7543988908|Jonathan Benson|1990-02-16|34|Male|48179 Jeffery Parkway Millerport, MS 39424|Tajikistan|jonathanbenson@powers.com|2024-12-21 14:21:20|2025-01-09 12:06:22|1|2025-01-05 19:11:41|Confirmed|1|Cricket|11|660.18|333.21|33|39|12|23|2235.2799999999997|771.23
6525422822|Christine Barnett|1999-07-30|25|Male|69483 Wilson Orchard Suite 467 New Jenniferchester, CA 52283|Netherlands|christinebarnett@hotmail.com|2023-03-11 09:56:20|2024-10-02 02:01:09|1|2024-06-19 02:53:41|Confirmed|1|Cricket|14|456.6|116.45|34|39|9|26|1830.0700000000002|30.870000000000005
4205009106|Charles Miller|1963-09-26|61|Female|694 Jones Ports Suite 553 West Robert, MT 72970|United States of America|charlesmiller@coleman.biz|2024-09-03 18:47:13|2024-09-21 14:37:58|1|2024-11-04 07:18:31|Confirmed|1|Cricket|17|873.13|312.87|38|49|14|31|2242.79|862.12
1108220418|Carl Gutierrez|1993-07-07|31|Female|5781 Coleman Port Apt. 210 South Meaganbury, CO 39561|Slovakia (Slovak Republic)|carlgutierrez@hotmail.com|2022-08-27 14:01:42|2023-08-29 04:42:20|1|2023-07-28 01:17:02|Confirmed|2|Cricket|12|648.17|402.96999999999997|35|39|9|23|2098.08|679.49
0337652812|Michael Garner|1999-07-04|25|Male|057 Lisa Cliffs Apt. 480 South Sue, ME 39406|Svalbard & Jan Mayen Islands|michaelgarner@hotmail.com|2023-12-09 06:49:30|2024-06-30 11:24:23|3|2024-11-25 11:20:43|Confirmed|1|Cricket|11|651.16|86.08|38|43|13|33|2229.04|388.02000000000004
3292907793|Susan Arnold|1949-04-03|75|Male|963 Andrea Passage New April, IA 70548|Suriname|susanarnold@yahoo.com|2022-09-22 08:38:10|2024-04-30 19:39:38|1|2024-08-01 12:51:05|Confirmed|2|Cricket|16|731.44|112.38|33|49|21|34|2472.1000000000004|709.88
1356644801|Lisa Brown|1986-08-13|38|Male|478 Davis Glens Apt. 318 Phillipland, SC 48947|Oman|lisabrown@gmail.com|2022-04-09 04:48:03|2024-04-26 06:52:00|1|2023-03-11 01:56:16|Confirmed|2|Greyhounds|15|784.95|492.81|42|53|14|38|2577.05|946.1800000000001
8895633458|Morgan Lam|1967-10-07|57|Male|2756 Wood Mall Mckinneyfurt, MN 28429|Russian Federation|morganlam@gmail.com|2022-06-04 14:07:58|2023-07-24 18:14:04|1|2025-01-10 06:35:43|Confirmed|2|Greyhounds|13|539.43|222.28|40|56|9|37|2048.13|879.1700000000001
1581493354|Douglas Bradley|1985-06-29|39|Male|58158 Kristi Mountains Suite 285 Cynthiaview, CT 05764|Micronesia|douglasbradley@mcdonald.com|2023-12-06 08:25:23|2024-05-21 08:46:55|1|2024-09-17 03:54:11|Confirmed|1|Cricket|19|1158.39|510.77000000000004|46|59|16|39|3126.1000000000004|884.0300000000001
9134300101|Kimberly Powell|1978-07-18|46|Male|69779 Williams Court East Robertton, OR 44108|Uzbekistan|kimberlypowell@hotmail.com|2023-01-13 02:36:14|2023-09-12 04:41:52|2|2024-06-11 18:39:55|Confirmed|1|Cricket|14|750.62|92.48|37|47|9|34|2458.44|206.73999999999998
1195499885|Amy Williams|1954-12-21|70|Male|9655 Jesus Bridge West Rebecca, KS 75130|Tonga|amywilliams@taylor.com|2022-07-20 22:19:23|2024-10-30 14:33:07|2|2024-12-25 03:11:38|Confirmed|1|Basketball|11|379.93|309.21999999999997|40|55|12|36|2773.77|869.34
0338416605|Timothy Vaughn|2006-11-07|18|Female|29207 Danielle Ways Apt. 615 East Maryton, IN 80349|Serbia|timothyvaughn@hotmail.com|2023-06-08 19:32:29|2024-12-01 05:14:03|1|2024-09-21 00:27:29|Confirmed|1|Football|8|470.61|160.2|33|43|10|30|2107.41|949.75
0852653201|Jason Hill|1964-01-10|61|Female|0901 Jacqueline Mews Suite 221 Elizabethchester, NE 30407|Taiwan|jasonhill@perry.com|2022-09-23 07:30:04|2023-01-24 14:45:28|1|2024-12-15 21:15:42|Confirmed|2|Cricket|13|565.62|265.05|38|47|10|28|2425.7|512.5600000000001
2820190196|Jennifer Paul|1996-11-22|28|Male|92505 Tanner Pine Suite 403 Hollyland, RI 63124|Korea|jenniferpaul@gmail.com|2023-03-31 08:44:50|2024-09-01 17:38:33|1|2024-03-04 12:16:10|Confirmed|1|Cricket|16|808.43|376.39|37|42|6|30|2225.82|968.03
2004615739|Maurice Obrien|1950-02-05|74|Male|733 Robert Mountain Apt. 692 Crystalhaven, WA 55147|Kenya|mauriceobrien@deleon.org|2022-12-31 20:40:42|2023-11-12 04:53:19|1|2024-01-17 13:51:50|Confirmed|3|Cricket|16|785.62|331.7|38|61|25|39|2863.79|1308.15
6459395248|David Parks|1956-03-03|68|Male|70993 Shaw Summit North Scottton, IL 67992|Germany|davidparks@hotmail.com|2023-05-11 02:58:27|2023-06-21 00:01:53|1|2023-10-01 16:20:53|Confirmed|1|Cricket|9|401.36|83.55|36|42|10|29|1733.23|310.19
8014966099|Patricia Wagner|2005-10-06|19|Male|102 Adkins Harbors South Natalieshire, TX 97134|Russian Federation|patriciawagner@hotmail.com|2023-04-28 12:25:19|2024-01-30 07:51:12|1|2023-11-23 18:37:15|Confirmed|2|Cricket|14|805.16|30.950000000000003|31|37|9|25|1728.43|438.93
7984342598|Terri Collins|1975-08-26|49|Male|3191 Hunt Isle Suite 197 Port Tracey, SC 92944|Bolivia|terricollins@lopez-daugherty.net|2024-10-29 05:12:25|2024-12-23 02:15:20|1|2024-11-14 16:31:16|Confirmed|2|Cricket|13|556.02|204.92|39|48|20|33|2339.39|1119.99
9267097341|Anne Foley|1949-02-28|75|Male|619 Jesse Bridge New Michaelmouth, NH 06340|Eritrea|annefoley@hotmail.com|2024-05-29 03:31:34|2024-06-19 02:48:47|1|2024-09-26 11:31:18|Confirmed|4|Football|12|727.69|486.02000000000004|37|52|18|38|2985.83|1354.35
8719181246|Maria Pham|1961-05-12|63|Male|3327 Michael Freeway Apt. 481 Andrewmouth, PA 58221|Guam|mariapham@eaton.org|2023-03-31 22:41:35|2024-01-24 19:26:56|1|2024-06-19 17:38:14|Confirmed|3|Cricket|21|1216.62|-129.98000000000002|46|60|18|40|3012.95|578.97
4804405498|Megan Mayer|1986-09-12|38|Male|1624 Jeffery Cape Apt. 797 New Robertstad, NY 83540|Yemen|meganmayer@hotmail.com|2024-11-17 23:14:37|2025-01-04 01:06:58|3|2025-01-12 08:19:15|Confirmed|2|Cricket|17|730.52|407.13|41|58|23|41|3057.51|1057.71
9906153693|Kevin Boyer|2001-10-09|23|Female|9472 Wilkins Park New Charlesberg, MN 03028|Comoros|kevinboyer@smith.com|2024-12-09 08:04:51|2024-12-27 22:47:33|1|2025-01-04 02:48:55|Confirmed|1|Cricket|17|896.06|378.90000000000003|32|46|16|29|2327.45|956.3100000000001
7640085174|Joshua Garcia|1983-04-10|41|Male|PSC 8922, Box 2726 APO AA 64626|Montserrat|joshuagarcia@brown.info|2022-05-07 05:33:03|2023-06-04 10:35:32|1|2024-02-27 01:07:35|Confirmed|2|Cricket|11|606.41|608.71|40|46|9|25|2524.3|1124.68
4850312828|Scott Cabrera|1959-02-18|65|Female|1225 Miranda Shore Suite 832 Burtonbury, UT 94262|Jersey|scottcabrera@hotmail.com|2024-08-25 08:04:37|2024-12-17 02:44:17|1|2024-09-04 13:36:30|Confirmed|2|Cricket|12|627.91|242.82000000000002|45|48|12|35|2448.44|851.95
6377899267|James Ramsey|1961-05-21|63|None of Above|257 Davis Crescent East Carmenton, TN 81106|Congo|jamesramsey@hutchinson.info|2024-12-30 00:53:59|2025-01-04 19:51:50|1|2025-01-02 06:48:53|Confirmed|2|Cricket|15|736.96|129.22|35|42|12|32|2055.78|641.09
0474257134|Eddie Anderson|1965-01-10|60|Female|2626 Andrea Prairie Scottchester, MN 26026|Equatorial Guinea|eddieanderson@morgan-fox.com|2023-10-12 20:16:14|2024-10-15 10:45:32|1|2024-10-08 20:26:31|Confirmed|1|Football|12|619.79|-70.23|43|47|11|37|2408.33|328.71
2627345220|Terry Allison|1996-04-25|28|None of Above|64994 Gregory Walks New Christopherburgh, ME 97925|United States Virgin Islands|terryallison@burton-reid.info|2022-10-10 15:53:37|2024-02-07 16:49:43|2|2024-10-10 11:57:45|Confirmed|1|Horse Racing|14|787.1|403.85999999999996|35|50|13|34|2726.51|711.46
3998452817|Melissa Chandler|1969-10-12|55|Male|87570 Kathleen Roads Apt. 661 Amandaborough, AZ 49216|Montenegro|melissachandler@schroeder.com|2023-12-29 05:36:14|2024-05-09 05:45:15|1|2024-05-09 01:43:16|Confirmed|2|Football|15|806.71|111.38|40|53|10|35|2814.36|345.47999999999996
0858548687|Katherine West|1972-09-23|52|Male|32965 Fred View South Christopher, DC 53185|Gibraltar|katherinewest@wood-jackson.com|2023-04-02 16:22:11|2023-10-03 18:58:32|1|2024-12-25 10:01:17|Confirmed|1|Cricket|15|856.93|410.08000000000004|41|50|12|37|2873.61|914.0400000000001
4988419885|Deborah Ferguson|1959-01-10|66|Male|23511 Miller Greens New Bradyburgh, MN 88134|Nigeria|deborahferguson@rodriguez.com|2024-04-05 01:20:24|2024-07-05 19:17:29|2|2024-12-01 11:07:28|Confirmed|3|Cricket|19|882.5500000000001|249.65|46|53|12|36|2638.16|586.48
5030076934|Darlene Gomez|1996-12-07|28|None of Above|2518 Bobby Route Apt. 846 Whitneyport, CA 91660|Greece|darlenegomez@watson.com|2023-03-01 02:30:36|2024-03-01 09:34:50|1|2023-11-11 19:13:33|Confirmed|2|Cricket|18|777.8|147.48999999999998|38|46|8|30|2237.92|492.13
8008990786|Julie Allen MD|1966-11-15|58|Female|1569 Richard Spur Apt. 363 Gregorystad, MT 81236|Brazil|julieallenmd@hotmail.com|2023-08-31 17:44:33|2023-12-29 03:59:57|1|2024-05-27 12:43:05|Confirmed|3|Cricket|14|479.19|127.77|42|54|22|43|2514.72|715.9300000000001
1658861295|Sara Dennis|2003-09-26|21|None of Above|971 Megan Brooks Suite 822 New Davidhaven, WY 84837|Kazakhstan|saradennis@hotmail.com|2024-05-27 06:43:48|2024-11-11 16:35:46|2|2024-11-22 00:43:46|Confirmed|2|Greyhounds|13|717.83|75.41|34|40|10|25|2194.4|638.98
3213370534|Teresa Williams|1953-10-09|71|Male|31488 Rice Overpass Apt. 748 North Anna, NM 59463|Grenada|teresawilliams@gmail.com|2022-09-04 12:44:38|2024-12-11 04:32:23|2|2024-09-23 01:26:33|Confirmed|1|Cricket|13|612.99|209.96|38|50|18|36|2818.05|1081.47
5322845002|Sherri Morgan|1982-01-16|42|Female|973 Joseph Bypass Lake Seanbury, OK 67531|Saint Barthelemy|sherrimorgan@mcintyre.com|2023-05-19 14:40:36|2024-11-16 10:33:58|2|2024-08-28 17:16:31|Confirmed|2|Cricket|21|1197.2|119.50999999999999|35|49|11|32|2403.94|612.71
6407562248|Richard Bailey|1978-03-08|46|Female|3142 Brad Mountains North Amymouth, CO 00600|Monaco|richardbailey@norris.com|2022-01-17 06:16:09|2024-04-03 11:56:53|1|2022-11-27 04:01:00|Confirmed|3|Greyhounds|9|432.96|99.24000000000001|36|43|11|31|2158.95|754.71
5720183275|Alison Poole|1963-06-24|61|Male|48671 Tammy Trail Brentville, AR 82278|Bangladesh|alisonpoole@gutierrez.com|2022-06-10 13:21:30|2024-02-14 18:11:48|1|2023-03-31 15:36:02|Confirmed|2|Cricket|18|1074.39|9.549999999999994|48|55|17|42|3427.86|900.3399999999999
1579184687|Kayla Kim|1956-05-19|68|Female|0657 Hardy Port Suite 260 West Keith, MS 62304|Albania|kaylakim@williams.com|2022-05-20 04:50:10|2022-08-15 02:24:04|1|2024-07-19 00:14:20|Confirmed|1|Cricket|10|473.96000000000004|-0.44999999999999574|42|54|12|36|2303.4|516.1899999999999
3609515179|Natalie Wolfe|1979-05-01|45|Male|23330 Jones Stream Apt. 629 Nicoleburgh, VA 29971|Guadeloupe|nataliewolfe@mason.org|2024-03-18 13:41:37|2024-10-10 19:56:11|1|2024-11-30 04:50:45|Confirmed|2|Cricket|18|1070.7|430.53999999999996|43|56|14|40|2854.2200000000003|681.9
3608021504|Andrea Oconnell|1968-02-23|56|Female|04809 Allison Center North Kristinland, MI 54635|Burkina Faso|andreaoconnell@hotmail.com|2022-07-06 16:27:47|2023-05-28 18:09:12|1|2023-03-24 14:23:42|Confirmed|1|Cricket|17|724.76|73.36|38|53|11|33|2741.22|353.66
9845391796|Daniel Murray|1987-05-04|37|Female|6290 Richardson Roads Suite 061 New Scott, TX 98090|Iraq|danielmurray@hotmail.com|2023-06-23 00:15:34|2024-08-15 10:15:54|3|2024-07-07 08:35:05|Confirmed|1|Cricket|15|883.0|614.46|43|48|10|34|2503.31|1095.38
2987235211|Mary Fleming|1990-07-11|34|Female|549 Walton Squares New Destinychester, MD 55229|Luxembourg|maryfleming@wright.com|2023-06-28 09:19:49|2024-12-31 07:30:54|2|2025-01-11 22:07:39|Confirmed|1|Cricket|13|639.4499999999999|439.13|39|52|12|37|2769.72|1505.81
8619760924|Allison Wilkins|2005-06-09|19|Male|317 Eric Shore West Stevenborough, TX 38902|Wallis and Futuna|allisonwilkins@hotmail.com|2024-06-13 15:03:43|2024-09-28 22:14:56|1|2024-07-08 15:07:54|Confirmed|3|Cricket|12|735.65|208.51999999999998|36|49|11|35|2735.14|726.23
7818730724|Joseph Mitchell|1978-09-07|46|Male|97949 Montoya Plains New Edwardville, DC 31865|Holy See (Vatican City State)|josephmitchell@smith-nichols.com|2023-07-24 10:52:23|2024-04-14 12:30:24|1|2024-01-18 20:27:28|Confirmed|1|Cricket|14|711.6|268.62|33|43|12|30|2074.02|1234.75
7970987151|Amanda Beck|1968-12-10|56|Male|841 Lindsey Circle Lake Richardtown, MA 06201|Korea|amandabeck@gmail.com|2024-10-27 12:36:53|2024-11-10 04:38:38|1|2024-10-29 15:09:03|Confirmed|1|Football|9|322.77|282.87|37|50|18|38|2376.18|1216.8
6925231605|Tracy Cunningham|1953-03-25|71|Male|917 Romero Tunnel Bryantberg, WY 48980|Cuba|tracycunningham@hotmail.com|2023-01-16 12:06:50|2024-12-19 23:46:12|1|2024-11-23 13:18:12|Confirmed|1|Cricket|16|850.14|516.49|37|49|10|30|2264.96|723.57
7273104564|Christopher Walton|1964-01-26|60|Female|5311 Patel Courts Apt. 038 West Cherylfort, OR 72773|French Guiana|christopherwalton@watts-gonzalez.com|2023-01-11 00:26:08|2023-12-12 06:17:20|1|2024-05-16 20:52:46|Confirmed|2|Cricket|13|544.19|185.81|43|52|12|37|2376.8|643.97
0455882647|Tina Brown PhD|1988-07-13|36|Female|5013 Green Manors Rhodeschester, SD 29810|Georgia|tinabrownphd@gmail.com|2024-10-12 22:26:34|2024-11-26 11:48:16|1|2024-12-28 09:49:36|Confirmed|1|Cricket|17|882.96|168.03|37|48|14|33|2658.24|768.22
7096277477|Julie Friedman|1968-02-07|56|Male|USS Johnson FPO AA 35041|Zimbabwe|juliefriedman@hotmail.com|2025-01-10 14:37:45|2025-01-11 00:41:06|1|2025-01-12 02:23:04|Confirmed|2|Basketball|11|558.14|10.38|39|49|20|36|2472.84|308.45
3538264633|Emily Castillo|1977-04-23|47|Male|806 Amy Mills Suite 499 Codytown, TN 71203|Egypt|emilycastillo@gmail.com|2022-05-18 00:20:37|2024-09-21 04:37:59|1|2023-06-06 04:44:08|Confirmed|3|Cricket|12|631.99|110.55000000000001|34|43|12|28|1743.01|700.86
6955378245|Gregory Morris|2003-06-14|21|Male|4344 Kimberly Coves West Stephanie, LA 56507|Mongolia|gregorymorris@yahoo.com|2024-12-29 11:19:13|2025-01-10 23:35:25|1|2025-01-08 13:21:35|Confirmed|1|Cricket|16|604.82|157.53|42|54|18|43|2539.6|678.13
3916898116|Jay Smith|1975-08-21|49|Male|79808 Lopez Prairie Apt. 281 Charlesborough, AK 70545|Northern Mariana Islands|jaysmith@ramirez.net|2023-12-23 21:44:36|2024-06-11 06:03:10|1|2024-10-01 16:25:34|Confirmed|2|Cricket|15|530.6|211.53|33|46|13|32|2448.93|1415.95
9597545170|Hannah Griffith|1952-06-27|72|Female|08678 Chavez Squares New Melissa, NJ 75356|Swaziland|hannahgriffith@yahoo.com|2023-01-28 06:39:56|2023-02-27 20:38:54|1|2023-05-24 17:49:46|Confirmed|2|Cricket|16|662.74|156.97|42|53|20|34|2309.85|467.97
8379839827|John Reyes|1964-02-28|60|Male|0320 Olson Track Kimberlymouth, OR 59737|Burundi|johnreyes@yahoo.com|2022-05-10 10:04:14|2022-11-22 06:24:33|1|2023-07-24 09:37:35|Confirmed|1|Cricket|12|695.6899999999999|59.26999999999999|44|49|13|37|2502.35|812.4399999999999
1108627388|Shannon Estes|1977-10-24|47|Male|6221 Burton Courts Andersonville, SC 36373|Romania|shannonestes@yahoo.com|2023-08-25 04:07:41|2023-11-25 08:51:22|1|2024-11-19 17:16:38|Confirmed|2|Cricket|19|1023.22|187.59|42|51|15|32|2669.28|929.66
8156744356|Douglas Thomas|1998-11-24|26|Male|USS Guerrero FPO AA 94991|Anguilla|douglasthomas@johnson.biz|2022-10-23 12:16:56|2024-03-07 08:40:00|1|2022-12-12 23:25:18|Confirmed|3|Cricket|10|296.45|91.25|31|37|9|30|1584.6899999999998|139.16
5754982727|Emily Wilson|1961-08-29|63|Male|6656 Hodges Club Smithport, CO 94955|Timor-Leste|emilywilson@meza-mack.com|2022-02-19 07:09:57|2022-09-05 01:38:33|1|2023-09-09 08:40:47|Confirmed|1|Cricket|21|971.49|70.93999999999998|48|61|18|38|2999.15|726.36
7758469248|Kelsey Robertson|1988-10-31|36|Male|Unit 8342 Box 1666 DPO AE 05096|Pakistan|kelseyrobertson@yahoo.com|2022-09-14 11:31:43|2023-08-30 08:24:31|1|2023-05-17 12:08:34|Confirmed|2|Cricket|17|824.72|164.32999999999998|40|48|13|30|2409.37|440.08
6586599544|Shane Brown|1964-03-30|60|Female|14346 Pena Road Port Hannahchester, NM 77512|Bangladesh|shanebrown@yahoo.com|2023-07-30 07:57:13|2024-07-12 10:53:39|1|2024-07-11 03:45:54|Confirmed|1|Cricket|19|896.39|223.65|42|60|12|39|2949.89|1419.03
6210114411|April Williams|1958-03-17|66|Male|89079 Doyle Stream Apt. 729 North Danielland, CO 09275|Myanmar|aprilwilliams@armstrong.com|2022-07-21 21:42:23|2024-03-26 23:02:41|3|2024-11-19 12:54:12|Confirmed|1|Football|8|399.91999999999996|-1.9099999999999997|39|54|19|35|3190.91|1116.54
8270053941|Robert Williams|1951-05-26|73|Male|3749 Hanson Street Jamestown, ID 71465|Tuvalu|robertwilliams@gmail.com|2023-08-17 09:19:22|2023-10-07 06:13:43|1|2024-07-13 22:30:29|Confirmed|1|Greyhounds|11|647.68|296.7|37|46|7|24|2736.2|838.91
0931057010|Steven Mason|1993-06-27|31|Male|16820 Hoover Island Lake Catherine, CA 09360|Brunei Darussalam|stevenmason@yahoo.com|2023-03-08 17:52:51|2024-08-31 02:18:31|1|2025-01-10 09:07:17|Confirmed|1|Greyhounds|13|710.01|166.15|41|51|15|33|2455.61|871.54
8586726192|Timothy Rice|1953-01-19|71|Female|65285 Manning Estate North Antonio, OR 91518|Sudan|timothyrice@reyes-fleming.com|2023-06-09 06:24:16|2024-05-22 01:00:51|2|2024-11-10 00:41:42|Confirmed|2|Cricket|14|892.41|315.23|45|54|14|32|2685.5899999999997|713.48
2253884772|Jacqueline Jackson|1980-07-30|44|Male|5900 Eric Tunnel West Sierra, MA 76228|Ethiopia|jacquelinejackson@gmail.com|2022-08-31 05:27:58|2024-11-04 23:46:56|1|2022-09-19 13:35:07|Confirmed|1|Cricket|19|827.0|256.64|37|49|14|33|2447.53|678.51
6195484560|Jodi Arroyo|1989-03-05|35|Male|260 Moore Viaduct Suite 199 Port Taylor, MO 42595|Turkmenistan|jodiarroyo@williams.info|2023-07-17 16:05:50|2023-10-03 21:10:48|1|2024-03-13 18:06:19|Confirmed|1|Cricket|11|598.22|193.13|47|58|18|42|2917.55|1197.34
7275279644|Edward Goodman|1998-03-24|26|Male|4135 Megan Wells Tammyburgh, CO 89139|Switzerland|edwardgoodman@gmail.com|2024-01-28 17:02:31|2024-06-09 21:22:09|1|2024-11-21 07:29:03|Confirmed|2|Cricket|18|1075.01|469.61|40|46|10|33|2234.07|1196.72
3186734786|Shannon Lee|1982-10-15|42|Male|13059 Kristina Green Hintonhaven, ME 77806|Paraguay|shannonlee@allen.com|2022-01-23 07:39:02|2023-12-28 04:55:19|1|2023-11-21 12:47:42|Confirmed|1|Cricket|15|769.9399999999999|281.33|33|46|11|32|2549.71|760.42
8523525945|Trevor Harris|1990-04-29|34|Female|9434 Bautista Path North Kenneth, VT 36961|Tajikistan|trevorharris@reyes-christian.net|2024-03-17 09:34:35|2024-12-14 09:17:46|1|2024-04-03 11:00:24|Confirmed|2|Basketball|13|524.16|143.09|31|41|10|28|2047.02|392.91
5871982886|Emily Perez|1949-09-23|75|Male|5334 Padilla Mall Suite 793 Lake Rachelport, OH 04904|Equatorial Guinea|emilyperez@gmail.com|2024-01-03 08:33:18|2024-12-14 11:40:29|2|2024-11-01 10:49:18|Confirmed|1|Cricket|23|1195.4|147.79000000000002|39|54|21|44|2741.9500000000003|492.04
8032281455|Sean Dominguez|2002-07-11|22|Male|57387 Jennifer View Suite 405 East Timothybury, AZ 96660|Djibouti|seandominguez@yahoo.com|2022-04-06 15:18:10|2024-06-20 06:20:40|2|2023-06-23 05:03:48|Confirmed|1|Cricket|17|893.98|507.63|43|53|16|36|2581.0299999999997|1308.11
8518107642|Kimberly Wilkinson|1959-04-18|65|Male|53937 Craig Green Apt. 630 Port Travisshire, CO 68923|Slovenia|kimberlywilkinson@hotmail.com|2022-07-02 08:18:01|2023-04-13 04:37:21|1|2024-10-29 02:19:06|Confirmed|2|Cricket|9|472.85|407.43|31|38|12|29|1942.19|916.98
2328429200|Regina Hebert|1980-06-05|44|Male|48143 Crane Rest Bishopchester, ND 44726|Kyrgyz Republic|reginahebert@evans.com|2022-02-24 20:52:09|2023-09-29 12:58:30|1|2022-07-11 07:07:22|Confirmed|2|Basketball|14|731.23|46.92000000000001|41|54|14|32|2847.4300000000003|1073.92
7785047272|Tamara Patton|1997-05-07|27|Female|75996 Short Mills North Connorview, KS 69263|Paraguay|tamarapatton@hotmail.com|2023-03-27 07:13:19|2024-01-16 08:15:46|1|2024-02-03 16:37:05|Confirmed|2|Football|12|576.49|379.0|37|46|13|31|2295.7200000000003|1120.96
5129723902|Daniel Charles|1968-09-17|56|Female|Unit 0677 Box 3254 DPO AP 51129|Nepal|danielcharles@wright-benson.info|2024-09-18 08:11:18|2024-10-08 02:40:01|1|2024-12-08 02:59:13|Confirmed|1|Cricket|19|1221.84|443.21999999999997|39|53|13|33|3006.43|825.43
3831373752|Steven Roberts|1980-04-14|44|Male|48000 Kimberly Flat Suite 636 Gibsonport, VT 54937|Greenland|stevenroberts@taylor.com|2023-09-08 04:41:10|2024-12-30 22:15:49|1|2024-03-09 00:38:55|Confirmed|2|Cricket|9|589.14|337.63|37|43|15|31|2097.2200000000003|539.6
2136232750|Tonya Smith|1974-12-06|50|Male|USS Cardenas FPO AP 52364|Martinique|tonyasmith@yahoo.com|2024-07-18 01:17:22|2024-09-11 06:59:04|1|2024-10-11 14:39:14|Confirmed|2|Cricket|11|503.54|128.75|39|49|10|33|2560.7000000000003|368.13
5129819701|Shawn Jenkins|2005-10-08|19|Male|USS Mcmillan FPO AE 30859|Malaysia|shawnjenkins@mckinney-bennett.com|2024-11-01 09:23:41|2024-11-23 11:39:44|1|2024-11-08 15:05:58|Confirmed|2|Cricket|17|904.72|450.53999999999996|41|53|16|39|2631.59|727.6899999999999
3345975103|Michele Phillips|1957-01-18|67|Female|78154 Mary Prairie Suite 529 Tuckerside, AL 29347|Tanzania|michelephillips@gmail.com|2022-05-17 08:53:13|2024-06-30 01:57:25|1|2023-01-13 08:30:56|Confirmed|2|Horse Racing|12|709.08|358.26|43|57|18|39|2917.63|1219.42
1914366144|Alexandra Smith|1957-10-13|67|Male|25580 Paul Pass Apt. 828 Davisland, AL 61321|Greenland|alexandrasmith@bush-klein.biz|2023-07-21 13:50:57|2023-11-29 06:47:13|2|2024-11-13 10:25:53|Confirmed|2|Cricket|12|411.37|18.240000000000002|34|43|10|32|1744.29|286.16
5716846526|Hunter Lara|1969-03-23|55|Male|2715 Jacqueline Key West Gabrielle, MS 48533|Gabon|hunterlara@hotmail.com|2023-05-07 04:12:53|2023-09-30 08:29:34|1|2024-12-15 12:42:52|Confirmed|3|Cricket|18|918.4|323.78|43|56|16|45|2993.3199999999997|1326.36
6482250035|Juan Patrick|2001-03-25|23|Male|73634 Murphy Terrace Kristinport, WY 93556|Zambia|juanpatrick@frazier.info|2024-05-31 18:10:24|2024-07-10 13:18:18|1|2024-11-03 09:27:50|Confirmed|1|Cricket|10|406.41|269.93|32|40|12|28|2081.45|1123.87
0368359074|Natasha Terry|1961-07-13|63|Male|95794 Amber Port Apt. 502 Kyleville, ME 67520|Gambia|natashaterry@yahoo.com|2022-11-18 01:37:47|2024-12-05 12:02:40|1|2024-02-06 21:01:11|Confirmed|1|Cricket|15|720.49|212.39000000000001|41|48|9|29|2351.95|938.7800000000001
2516872578|Laura Allen DDS|1991-05-22|33|Female|0849 Madison Ways Suite 456 West Brian, MT 33427|France|lauraallendds@boyd.net|2023-02-09 16:44:27|2023-04-08 13:13:19|1|2023-02-24 21:14:32|Confirmed|3|Greyhounds|9|568.7|15.689999999999996|38|43|16|31|2382.4700000000003|671.74
5387172849|Vanessa Smith|1985-03-16|39|Male|520 Wilson Fork Suite 384 Port Virginia, PA 36177|Svalbard & Jan Mayen Islands|vanessasmith@hotmail.com|2023-08-25 20:50:54|2024-02-12 07:13:28|1|2024-07-04 02:56:00|Confirmed|2|Cricket|14|692.34|85.41|41|56|19|37|2846.92|749.24
9956323230|Daniel Davis|1967-04-06|57|Male|78841 Davis Forks Brittanyfurt, WA 09046|Saint Pierre and Miquelon|danieldavis@taylor-johnson.com|2022-09-16 07:55:06|2023-06-14 17:31:08|1|2024-07-28 06:47:41|Confirmed|1|Cricket|13|512.74|334.59|43|51|17|35|2856.86|575.0
0421690405|Todd Todd|1975-07-02|49|Male|99677 Mays Center Suite 774 New Johntown, GA 37556|Oman|toddtodd@avery.org|2024-01-01 09:06:53|2024-03-23 13:47:49|1|2024-08-26 02:36:27|Confirmed|1|Cricket|18|824.04|350.15000000000003|46|60|12|39|3041.91|713.74
9330525535|Bethany Robertson|2003-04-27|21|Female|369 King Cliff Apt. 546 Lake Patrick, RI 25435|Monaco|bethanyrobertson@gmail.com|2024-07-06 21:06:29|2024-10-30 22:28:09|2|2025-01-06 02:35:26|Confirmed|2|Cricket|22|1105.8|485.76|41|59|11|42|2824.34|729.39
1994255839|Kelly Lara|1998-03-19|26|Female|79659 Goodwin Passage Suite 126 Villafurt, OH 13711|Vanuatu|kellylara@hotmail.com|2022-10-19 07:18:25|2023-02-26 22:26:04|2|2024-08-11 12:28:25|Confirmed|4|Cricket|13|727.23|-205.3|39|43|16|31|2493.86|274.83
5836178738|Joshua Adams|1974-03-10|50|Male|59687 Clark Walk South Jacqueline, SD 38068|Turkey|joshuaadams@sharp.com|2024-03-26 23:40:46|2024-10-27 04:25:01|1|2024-10-16 11:27:56|Confirmed|3|Cricket|12|753.01|175.75|39|48|16|33|2582.2|531.51
0253335410|Tina Hayes|1954-07-15|70|Male|801 Michael Lodge Carrborough, DC 02295|Kuwait|tinahayes@hotmail.com|2023-12-27 18:43:10|2024-08-25 09:39:25|2|2024-09-15 23:04:43|Confirmed|1|Cricket|16|855.86|225.91|44|57|20|49|3099.73|1269.2
6896797361|Joseph Williams|1954-12-07|70|Male|9398 Fox Fort East Andrewport, LA 37553|Estonia|josephwilliams@gmail.com|2022-07-29 07:57:56|2024-11-25 22:31:37|1|2023-12-08 18:21:43|Confirmed|1|Cricket|16|747.09|231.29|38|49|11|38|2444.65|892.6
1850870776|Sean Wilcox|1989-08-03|35|Male|55053 Zachary Cove Schultzview, NC 99900|Myanmar|seanwilcox@yahoo.com|2022-08-08 04:26:57|2022-08-12 18:49:53|1|2024-11-09 03:17:24|Confirmed|1|Horse Racing|11|743.49|545.58|35|50|12|37|2645.12|1247.42
7881047426|Victoria Gardner|1974-01-03|51|Male|889 Hurst Point Lake Jasminemouth, MT 38944|Grenada|victoriagardner@howard-gay.com|2022-10-03 14:34:17|2023-04-29 13:53:29|1|2024-01-08 01:14:49|Confirmed|1|Cricket|10|525.07|151.96|36|44|6|24|2106.55|701.51
3928514409|Brian Good|1967-09-18|57|Male|0881 Miller Spring Apt. 151 West Catherine, AK 02278|Montenegro|briangood@mccoy.com|2022-06-08 21:48:09|2023-08-23 19:40:15|2|2024-02-12 21:09:24|Confirmed|3|Cricket|12|575.62|25.89|42|50|11|38|2392.32|515.94
8805209729|Steven Harrington|1985-05-19|39|Female|56458 Stephanie Junction Apt. 973 South Justin, NJ 40821|Heard Island and McDonald Islands|stevenharrington@garza.com|2023-02-25 13:49:28|2024-06-28 07:46:12|1|2024-03-20 23:59:26|Confirmed|2|Cricket|11|473.74|174.9|37|45|13|27|2076.56|718.38
0058785845|Anthony Green MD|2001-05-01|23|Male|9997 Michele Stream Suite 336 Lucaston, OK 71958|Haiti|anthonygreenmd@gmail.com|2022-08-02 11:04:21|2022-11-08 15:11:37|1|2023-07-11 22:00:28|Confirmed|2|Cricket|10|549.12|288.95|42|52|19|42|2643.98|1115.44
5825490946|Lori Keller|2000-02-15|24|Male|5956 Jorge Station Apt. 845 Ryanburgh, ID 79614|Comoros|lorikeller@hotmail.com|2024-01-31 14:36:36|2024-11-10 05:24:48|1|2024-09-27 10:45:55|Confirmed|2|Cricket|13|469.45|111.39|31|39|12|26|1834.3899999999999|524.01
8653215898|Brad Thompson|1956-05-05|68|Male|7410 Li Spurs Lake Deborahville, CT 96918|Ireland|bradthompson@bryant-medina.biz|2024-12-18 02:23:12|2025-01-07 05:20:55|2|2025-01-07 18:11:27|Confirmed|3|Basketball|11|407.33|189.09|33|45|15|31|2355.44|682.22
2073687531|Cassandra Cox|1999-12-12|25|Male|21226 Jermaine Turnpike Whiteside, NM 74115|Saint Barthelemy|cassandracox@hotmail.com|2022-09-17 01:50:36|2024-04-01 16:37:50|1|2024-10-07 21:59:38|Confirmed|2|Cricket|12|588.25|175.72|39|49|14|30|2445.0|424.85
9590253340|Christina Shaffer|1958-10-28|66|Male|992 Becker Summit North Sarafurt, AL 15574|Papua New Guinea|christinashaffer@atkins-kelly.biz|2024-10-11 17:02:36|2024-12-13 22:09:44|2|2024-12-07 08:43:48|Confirmed|2|Cricket|14|736.0699999999999|211.52|37|48|13|37|2646.56|1813.56
2799920590|Danielle Coleman|1982-01-01|43|Female|893 Foster Ranch Albertland, MN 98564|Ghana|daniellecoleman@rivers-le.com|2022-06-07 20:03:12|2024-10-02 00:37:45|2|2023-09-20 01:29:36|Confirmed|1|Greyhounds|11|728.9|435.42|33|40|7|25|2099.0|799.39
6839761690|Beth White|1959-12-25|65|Male|8584 Justin Unions North Robertport, NY 55382|Seychelles|bethwhite@yahoo.com|2022-08-18 20:32:15|2023-02-04 08:02:03|2|2024-04-01 20:22:37|Confirmed|2|Greyhounds|14|725.38|351.18|41|57|18|40|2891.71|1005.27
6795245001|Ryan Nguyen|2003-01-13|21|Male|615 Thomas Landing Apt. 205 South Johnton, IN 39433|Azerbaijan|ryannguyen@rodriguez.net|2022-07-01 22:45:47|2024-12-23 12:51:58|1|2024-12-06 00:35:48|Confirmed|1|Cricket|13|708.42|103.05000000000001|43|51|15|31|2807.1|545.96
0353824793|Eduardo Clark|1961-07-18|63|Male|5651 Gonzalez Island Apt. 885 Jamesport, NE 50716|Pitcairn Islands|eduardoclark@hotmail.com|2024-10-29 08:54:34|2024-12-09 01:41:42|1|2024-12-31 08:29:43|Confirmed|1|Cricket|25|1239.72|556.61|38|56|15|33|2651.08|1009.97
4580662488|Michelle Moreno|1981-09-06|43|Male|428 Murphy Brooks Frankland, TN 85556|Kyrgyz Republic|michellemoreno@yahoo.com|2023-01-26 05:10:59|2023-07-23 17:24:11|1|2024-05-17 13:59:17|Confirmed|1|Cricket|14|797.42|310.40999999999997|39|46|14|32|2373.68|541.5
5224304375|Meagan Bautista|1974-09-26|50|Male|682 Matthew Track Donaldchester, WI 19981|Pitcairn Islands|meaganbautista@hotmail.com|2022-04-14 08:02:35|2023-10-20 00:05:57|1|2023-02-07 21:22:26|Confirmed|1|Cricket|12|676.37|599.65|40|45|15|32|2235.82|823.9499999999999
6564422971|Michael Mueller|1978-04-23|46|Male|688 Natasha Square Suite 201 West Chadton, OH 29515|Bangladesh|michaelmueller@yahoo.com|2023-05-27 11:54:52|2024-02-13 23:18:24|3|2024-12-25 21:50:19|Confirmed|2|Cricket|10|507.7|-25.380000000000003|43|58|15|43|2944.64|322.84999999999997
5812590242|Jonathan Wilson|1984-05-10|40|Male|20963 Charles Fork Port Daniel, KS 40563|Korea|jonathanwilson@gmail.com|2022-11-24 03:07:07|2024-01-28 01:17:37|1|2024-02-05 05:41:33|Confirmed|2|Cricket|16|950.59|217.1|41|47|15|34|2531.12|807.3100000000001
4434322395|Daniel Garcia|1958-06-12|66|Male|03754 Joseph Passage Tinaborough, CT 34424|Isle of Man|danielgarcia@hotmail.com|2022-04-03 21:47:17|2022-10-08 21:07:41|1|2022-11-25 07:23:54|Confirmed|1|Cricket|13|493.77000000000004|134.84|42|49|12|28|2028.18|687.29
0563643613|Adam Bautista|1950-09-14|74|Male|USNS Miller FPO AP 98616|Dominican Republic|adambautista@bowers.com|2024-09-20 21:10:53|2024-12-04 16:26:12|1|2024-12-26 05:41:13|Confirmed|1|Cricket|14|737.3100000000001|396.87|38|54|14|37|2598.55|876.89
4973691394|Jodi Wilson|1974-08-08|50|Female|349 Garcia Highway New Jasonborough, PA 81093|Denmark|jodiwilson@gmail.com|2023-04-23 03:29:11|2023-06-23 08:25:36|2|2024-09-10 00:52:00|Confirmed|1|Cricket|14|680.01|201.02|42|48|15|31|2553.48|546.77
1776379714|Susan Love|1950-12-30|74|Male|429 Reyes Junctions Suite 816 Jonathanchester, NV 15503|Morocco|susanlove@kelley.biz|2023-12-02 05:34:17|2024-02-18 05:28:22|1|2024-12-28 07:28:08|Confirmed|1|Cricket|16|762.91|174.58|43|54|14|37|2532.98|1028.29
5772987714|Robert Williams|1988-03-06|36|Male|983 Robinson Passage Suite 663 Calebfort, GA 34635|Svalbard & Jan Mayen Islands|robertwilliams@gmail.com|2023-02-19 09:23:46|2024-06-18 10:03:41|1|2023-09-22 08:20:18|Confirmed|1|Cricket|17|715.14|131.95|34|44|9|27|2020.54|438.4
0609018745|Erika Gill|1968-03-06|56|Female|74161 Williams Forks Apt. 539 Malonefurt, NJ 30372|Eritrea|erikagill@buchanan.com|2022-09-29 08:05:09|2024-03-19 07:08:58|1|2024-02-05 12:59:20|Confirmed|2|Cricket|18|723.51|271.78000000000003|41|59|18|47|2589.74|1000.0600000000001
5069478151|Steven Arellano|1957-01-10|68|Male|755 Kimberly Branch New Williamburgh, AZ 90708|Seychelles|stevenarellano@stein-nelson.biz|2025-01-10 09:27:29|2025-01-11 00:32:25|1|2025-01-12 12:48:07|Confirmed|1|Football|11|413.82|211.41000000000003|33|43|12|32|2291.77|979.03
9888634701|Stephen Turner|1994-10-03|30|Male|6314 Douglas Fork Suite 373 Port Bethfort, NE 16601|Belize|stephenturner@gmail.com|2024-06-27 12:23:56|2024-10-05 22:47:56|1|2025-01-11 11:06:07|Confirmed|3|Cricket|15|604.27|120.94|31|42|12|27|1943.1399999999999|812.73
2777050384|Cassandra Washington|1998-10-15|26|Male|5166 Phillip Camp Suite 447 West Rachel, DC 77022|Tuvalu|cassandrawashington@gmail.com|2023-11-20 22:28:16|2024-05-07 09:21:38|1|2024-04-27 19:50:18|Confirmed|1|Cricket|15|894.33|335.79|39|44|9|29|2508.9700000000003|753.36
4623476287|Lisa Barnett|1998-07-07|26|Male|14281 James Mews West Sierratown, IL 79372|Saint Vincent and the Grenadines|lisabarnett@hotmail.com|2023-07-08 12:56:26|2024-10-25 08:25:31|1|2024-01-29 11:56:02|Confirmed|1|Cricket|15|749.34|369.04|36|49|11|28|2076.52|471.45
4656433548|Rodney Cook|1973-07-22|51|Male|1220 Henry Square Martinville, VA 73605|Luxembourg|rodneycook@yahoo.com|2023-02-26 12:35:59|2024-11-20 20:16:10|1|2024-05-26 22:02:47|Confirmed|2|Greyhounds|14|775.63|512.24|42|61|17|38|3233.18|1169.97
2505261043|Jessica Weber|1976-11-05|48|Male|Unit 5488 Box 1342 DPO AE 77198|Dominica|jessicaweber@taylor.com|2022-01-21 06:59:41|2022-10-17 15:13:53|1|2022-06-29 01:30:08|Confirmed|1|Horse Racing|9|417.46|171.59|36|44|10|31|2284.62|778.65
6732385120|Darlene Hall|1972-11-12|52|Male|1249 Perez Wall Amyhaven, VT 17002|San Marino|darlenehall@anderson.org|2024-04-12 06:20:17|2024-11-25 21:01:19|1|2024-08-30 09:47:50|Confirmed|1|Greyhounds|10|426.72999999999996|155.09|37|47|9|30|2149.44|779.1800000000001
1012944527|Ricky Callahan|1977-02-06|47|Male|3519 Donna Bridge Apt. 418 Maldonadoshire, WI 26688|Turkey|rickycallahan@stevens-harris.com|2022-09-15 14:38:14|2023-09-07 22:38:04|1|2023-05-06 20:09:12|Confirmed|1|Cricket|8|486.28|-20.890000000000004|35|41|14|26|2084.43|560.3
8399060496|Mark Rose|1994-09-27|30|None of Above|334 Jonathan Trail Suite 895 Lake Brandytown, KY 17942|Tuvalu|markrose@yahoo.com|2023-04-19 12:07:18|2023-06-07 23:55:17|2|2025-01-09 01:11:38|Confirmed|1|Cricket|14|860.09|122.80999999999999|37|55|14|37|3034.26|1243.04
2371686530|Mr. Ronald James|2006-08-24|18|Male|3621 Billy Way Port Nathan, ND 76259|Nauru|mrronaldjames@yahoo.com|2023-12-26 19:28:09|2024-02-25 10:50:43|1|2024-01-01 04:34:24|Confirmed|3|Cricket|10|428.88|369.08|38|49|16|30|2325.71|1141.11
7205276693|Christopher Huffman PhD|1989-09-07|35|Female|1758 Mason Mission Apt. 243 Davidside, WY 14280|Azerbaijan|christopherhuffmanphd@robinson.com|2024-08-27 02:43:55|2024-12-01 21:48:01|1|2024-10-29 23:45:11|Confirmed|2|Horse Racing|11|378.19|144.5|40|49|18|41|2147.94|625.79
3384122349|Joel Wells|1965-02-13|59|Male|USCGC Bradley FPO AE 17103|Gabon|joelwells@yahoo.com|2023-12-19 07:32:37|2024-05-03 10:29:04|1|2024-03-29 13:51:53|Confirmed|1|Cricket|15|637.4300000000001|26.82|37|52|15|35|2321.36|491.23
8824777648|Wendy Ortiz|1951-08-31|73|Male|5292 Carpenter Stravenue Apt. 939 Brownview, FL 48825|Belize|wendyortiz@mccoy-robinson.com|2023-03-10 19:08:13|2023-12-04 19:14:02|1|2024-10-24 10:30:38|Confirmed|2|Horse Racing|10|441.28|209.39|34|39|8|23|1919.46|1063.92
2617578168|Devon Watson|1984-05-09|40|Male|99879 Brooks Key East Roberthaven, OR 44742|India|devonwatson@yahoo.com|2022-09-29 18:34:04|2024-06-08 04:42:10|1|2023-01-13 20:06:20|Confirmed|1|Horse Racing|8|350.96999999999997|-92.67999999999999|32|38|14|22|1739.58|40.269999999999996
3957134016|Madison Ruiz|2004-09-01|20|Male|5373 Gay Vista Apt. 264 West Donald, NH 19129|Latvia|madisonruiz@hotmail.com|2022-06-13 01:52:34|2024-07-09 15:54:11|2|2024-05-18 12:14:15|Confirmed|1|Horse Racing|10|739.08|269.83|30|36|10|27|1852.7|785.63
5325712715|Bradley Dennis|1958-08-10|66|Female|2366 Harris Views Apt. 459 Aliciatown, DC 40478|Bosnia and Herzegovina|bradleydennis@jordan.biz|2023-05-05 03:37:12|2024-12-25 06:53:36|1|2024-03-06 03:33:07|Confirmed|1|Cricket|12|447.87|-70.56|35|47|11|38|2191.44|271.11
0088850591|Stephanie Butler|1969-01-01|56|Female|2307 Valenzuela Meadow Apt. 012 Christophertown, NH 65869|Mayotte|stephaniebutler@daugherty-johnston.com|2023-05-28 21:35:18|2024-01-21 17:15:10|1|2024-04-12 23:51:28|Confirmed|1|Cricket|13|549.89|177.89|35|44|14|33|2462.51|700.62
7941292084|Daniel Ali|1951-05-13|73|Female|415 Davis Hill Rodriguezstad, VA 65831|China|danielali@pope.com|2023-04-24 19:45:11|2023-07-21 04:01:26|1|2023-06-06 14:27:04|Confirmed|2|Basketball|13|785.1|-30.709999999999994|40|44|13|29|2279.59|461.18
4814936994|Lauren Phillips|1967-06-29|57|Male|92928 Ray Walk New Donna, WY 47271|Pitcairn Islands|laurenphillips@yahoo.com|2023-08-03 14:31:34|2024-11-22 07:52:55|1|2024-12-18 00:08:18|Confirmed|1|Horse Racing|16|913.4|-67.49|39|50|20|39|2402.86|486.56
6763186017|Ashley Anderson|1951-05-19|73|Male|686 Mario Stravenue Suite 623 Blackwellstad, KS 84245|Belgium|ashleyanderson@hotmail.com|2024-03-19 05:02:21|2024-06-20 16:06:23|1|2024-09-12 02:53:23|Confirmed|1|Cricket|9|470.77|-21.78|40|40|16|31|2219.85|562.52
3979527891|Christopher Gonzalez|1995-10-16|29|Male|9470 Green Manor North Briannahaven, IA 59349|Korea|christophergonzalez@hotmail.com|2023-06-14 02:34:34|2023-06-15 20:50:53|1|2024-05-17 03:21:42|Confirmed|2|Greyhounds|10|572.93|311.48|39|53|19|39|2566.77|1257.2
7430232376|Betty Collier|1971-09-05|53|Female|71328 Campbell Locks Suite 255 Meyerbury, DE 70167|Korea|bettycollier@gmail.com|2022-10-28 21:15:29|2023-09-20 20:32:12|1|2024-08-12 23:05:23|Confirmed|1|Cricket|11|659.24|403.26|35|49|13|32|2644.6|1072.56
7867022968|Sharon Alvarez|1998-03-16|26|Male|00050 Lawrence Valley Apt. 172 Johnsonview, FL 39417|Cyprus|sharonalvarez@harris.net|2022-08-25 05:33:41|2024-10-02 20:19:13|1|2023-01-01 00:32:37|Confirmed|1|Cricket|14|815.07|73.69|35|41|16|27|2454.34|54.040000000000006
2942803540|Lisa Gregory|1949-08-09|75|Female|47197 Alan Viaduct South John, SC 89149|Canada|lisagregory@liu-rodriguez.com|2023-09-11 14:57:38|2024-08-25 09:08:14|1|2024-04-15 01:19:14|Confirmed|1|Greyhounds|15|545.8199999999999|145.02|45|52|14|37|2561.7|308.58
9168369336|Bruce Taylor|1970-03-13|54|Male|2711 Kimberly Mountain Suite 039 West Edwardport, LA 25432|Martinique|brucetaylor@drake.info|2023-04-13 22:47:46|2023-06-09 22:35:17|1|2024-12-17 07:33:27|Confirmed|2|Cricket|16|668.58|218.22|32|44|8|26|2227.18|959.34
5408084539|Lisa Warren|1952-10-17|72|Male|2830 Hubbard Drive Lake Tony, NJ 62903|Iran|lisawarren@smith-perry.net|2023-02-18 00:33:18|2024-06-21 17:38:34|2|2024-09-14 19:31:22|Confirmed|2|Cricket|16|807.33|130.06|46|57|18|44|2702.55|409.37
2670399332|Kristen Ramirez|1970-02-01|54|Male|USNS Knox FPO AP 59700|Monaco|kristenramirez@copeland-perez.com|2024-10-21 12:40:52|2024-12-01 19:50:29|1|2024-10-30 19:51:12|Confirmed|2|Cricket|14|660.47|486.18|40|51|17|39|2513.43|1323.3
4687190028|Christopher Jones|1952-11-02|72|Male|082 Simpson Rapids Suite 211 West Morgan, AR 71466|Morocco|christopherjones@hotmail.com|2022-01-03 08:59:11|2023-08-22 21:29:37|2|2023-02-01 06:47:04|Confirmed|3|Cricket|14|728.4|192.73|35|39|9|25|2153.38|246.35999999999999
5984370470|John Wallace|1954-11-21|70|Female|3845 Cory Summit Apt. 464 Tuckerchester, PA 70632|Svalbard & Jan Mayen Islands|johnwallace@hotmail.com|2022-11-15 18:49:16|2024-02-08 00:29:03|1|2024-06-14 07:40:29|Confirmed|3|Cricket|13|834.62|372.68|39|47|10|29|2525.51|833.29
1885409752|Anna Hansen|1966-05-12|58|Male|96739 Carolyn Park West Mark, IL 50004|Afghanistan|annahansen@yahoo.com|2022-04-13 19:01:02|2023-02-17 12:48:14|2|2024-12-26 03:47:09|Confirmed|1|Cricket|13|752.59|385.1|39|46|17|35|2624.63|818.6500000000001
6348411826|Julie Mathews|2003-06-27|21|Male|527 Hess Route South Christopher, KS 18883|Martinique|juliemathews@gmail.com|2023-08-24 00:11:38|2024-09-22 08:59:59|2|2025-01-02 00:30:46|Confirmed|1|Basketball|8|290.74|-119.4|32|43|17|31|1958.81|956.1
2166405721|Jonathan Banks|2002-11-11|22|Male|7198 Montoya Spur Suite 198 East Deborah, WI 43701|British Virgin Islands|jonathanbanks@velasquez-park.com|2023-05-28 07:00:21|2024-03-05 08:08:00|2|2024-06-29 18:58:48|Confirmed|1|Cricket|9|378.51|76.14|36|40|7|22|1825.55|447.26
6562618196|Michael Brooks|2004-11-26|20|Male|81925 Rivera Throughway Apt. 435 Port Michaelbury, GA 32992|Martinique|michaelbrooks@montgomery.com|2024-06-19 12:09:53|2024-08-07 03:49:16|1|2024-06-29 19:02:46|Confirmed|2|Horse Racing|8|444.35|34.96|35|46|13|27|2119.78|793.25
3274560092|Courtney Smith|1993-08-05|31|Male|16269 Gutierrez Shoals South Richardfort, MD 89089|Bermuda|courtneysmith@gmail.com|2024-06-17 14:42:24|2024-07-22 08:03:21|2|2024-09-14 19:57:14|Confirmed|1|Football|14|835.1700000000001|246.16|47|64|16|45|3228.16|992.0799999999999
8354903415|Jennifer Perry|1995-09-01|29|Male|3647 Michelle Expressway New Robertville, MT 89277|Switzerland|jenniferperry@gmail.com|2023-05-26 21:03:37|2023-09-08 04:13:47|1|2023-08-07 23:43:45|Confirmed|1|Football|10|625.7|-2.9599999999999964|29|35|9|24|1972.98|118.00000000000001
5568536432|Samuel Crawford|1959-09-30|65|Male|911 Ashley Pine Rossfurt, CO 49223|Slovakia (Slovak Republic)|samuelcrawford@yahoo.com|2023-04-26 11:40:37|2024-11-07 20:43:26|2|2024-11-03 12:16:45|Confirmed|2|Cricket|11|495.02|-7.759999999999998|35|50|14|32|2404.04|345.3
8078139585|Tara Shaffer|1993-03-28|31|Female|USCGC Brown FPO AE 07074|United States Minor Outlying Islands|tarashaffer@coffey-garrett.com|2022-11-17 23:37:18|2024-11-02 02:04:53|2|2024-10-20 00:27:18|Confirmed|2|Greyhounds|9|402.5|89.69|37|42|15|27|1642.43|393.48
4796014881|Alvin Copeland|2002-09-07|22|Male|42421 Eugene Harbors South Wendytown, GA 05963|Bahamas|alvincopeland@abbott.biz|2023-04-26 15:39:20|2024-08-07 23:19:27|2|2024-11-13 07:51:18|Confirmed|2|Football|11|420.46|399.48|35|49|16|32|2423.99|975.9000000000001
4667615740|Andrew Kelly|1986-09-13|38|Male|557 Dixon Meadow East Alicia, NE 65709|Chad|andrewkelly@smith.biz|2023-09-12 16:29:53|2024-05-06 04:20:26|1|2024-07-06 11:24:27|Confirmed|1|Basketball|11|479.9|235.12|27|34|14|29|1595.46|348.02
2123068690|Danielle Bates|1984-03-29|40|Male|9531 Shaw Fort Suite 206 Lake Juliebury, DC 96067|United States of America|daniellebates@morales-roberts.net|2022-09-29 22:49:55|2024-09-25 08:20:05|1|2024-09-10 16:55:20|Confirmed|1|Cricket|12|606.43|131.81|37|46|8|32|2431.05|681.76
7406393367|Cody Gonzalez|1964-07-07|60|Male|138 Stewart Glen Apt. 591 South Lauren, ME 87460|Senegal|codygonzalez@yahoo.com|2023-10-20 14:24:59|2024-04-20 18:16:34|1|2024-05-03 22:01:20|Confirmed|1|Cricket|16|785.27|-52.949999999999996|37|41|14|26|2046.81|329.45
4687091939|Alexandra Anderson|1967-05-15|57|Male|24448 Johnson Prairie Suite 433 Hardymouth, LA 58088|Honduras|alexandraanderson@clark-anderson.com|2024-12-07 16:58:10|2024-12-29 06:59:40|1|2025-01-11 14:13:17|Confirmed|1|Basketball|12|602.26|174.91000000000003|47|57|20|39|2762.0699999999997|568.89
3961627567|Grace Hamilton|1995-03-15|29|Female|761 Yvonne Tunnel Markfort, MS 43776|Mongolia|gracehamilton@haynes.info|2024-04-02 04:22:31|2024-07-15 06:16:25|1|2025-01-02 14:55:32|Confirmed|3|Cricket|12|624.19|-50.78000000000001|39|42|9|29|2185.7400000000002|385.69
8101220907|Billy Barrera|1973-05-08|51|Male|USS Roberts FPO AA 50868|Rwanda|billybarrera@yahoo.com|2023-06-18 06:03:23|2024-04-07 01:52:33|1|2024-11-12 09:21:45|Confirmed|2|Greyhounds|13|553.57|238.78|47|53|12|39|2448.1|781.27
9502933807|Kevin Jordan|1982-06-24|42|Male|7142 Richard Station Apt. 780 South Donald, OK 61415|Cameroon|kevinjordan@gmail.com|2022-07-17 00:08:00|2022-10-22 20:54:33|1|2023-06-10 17:15:47|Confirmed|2|Cricket|17|779.42|593.17|39|48|17|36|2125.93|1304.82
7266838284|Melissa Bradley|1953-08-31|71|Male|2108 Ferguson Plains Apt. 184 Adamsland, ND 70067|Saint Lucia|melissabradley@harvey-butler.org|2023-05-11 13:52:38|2024-08-13 05:07:35|1|2023-09-07 07:36:26|Confirmed|2|Cricket|9|463.65999999999997|124.68|40|46|9|28|2501.14|1027.7
8301031202|Michele Stone|1959-11-28|65|Female|547 Harper Burgs Gilberttown, AR 57923|Aruba|michelestone@coleman.com|2024-09-05 22:38:47|2024-12-24 11:54:14|1|2024-11-27 16:28:29|Confirmed|2|Greyhounds|15|859.11|141.61|43|55|16|40|2875.34|1324.02
0785928474|Veronica Bond|1978-05-13|46|Male|182 Jeffery Spring North Emilybury, OH 44182|Mayotte|veronicabond@gmail.com|2023-06-13 05:40:49|2024-12-30 11:46:39|1|2025-01-09 01:52:07|Confirmed|2|Cricket|14|842.5899999999999|88.37|38|49|16|31|2623.06|268.28
4361853523|Cheryl Johnson|1995-07-11|29|Male|9526 Melissa Islands Port Kevinmouth, SD 71992|Fiji|cheryljohnson@gmail.com|2022-10-24 12:09:45|2024-04-16 05:47:38|1|2023-01-05 23:09:57|Confirmed|2|Cricket|18|872.52|232.48999999999998|48|62|13|40|3300.38|1121.04
9586566541|Sydney Chaney|1959-10-27|65|Female|47443 Penny Stravenue Port April, WY 71979|Serbia|sydneychaney@aguilar-franklin.com|2022-01-08 03:41:21|2024-03-13 15:33:06|1|2024-11-04 12:26:29|Confirmed|1|Football|10|372.31|67.76|38|53|13|31|2708.99|950.51
2284398889|David Reed|1975-11-27|49|Male|555 Long Course North Juanhaven, MS 94115|Kenya|davidreed@yahoo.com|2024-10-11 22:28:52|2024-10-29 04:33:09|1|2024-12-26 03:49:02|Confirmed|2|Cricket|15|843.21|165.58999999999997|46|53|15|36|2712.52|984.4599999999999
8456318103|Dr. Lindsey Edwards|1993-11-07|31|Male|164 Cody Shore Suite 815 Davidfurt, UT 33927|Moldova|drlindseyedwards@myers.com|2024-10-22 02:30:55|2024-12-12 05:13:09|1|2025-01-03 10:00:38|Confirmed|1|Greyhounds|12|482.77|101.69|40|60|17|42|3358.97|585.88
5828203276|Cheryl Tanner|1961-10-05|63|Male|854 Flores Plaza New Isabellaton, IA 41584|Tonga|cheryltanner@gibbs.com|2023-04-17 01:52:22|2023-06-04 11:07:20|1|2023-05-24 04:53:17|Confirmed|2|Horse Racing|12|668.47|467.53000000000003|43|49|13|33|2597.75|869.46
4675525092|Natalie Taylor|1978-02-02|46|Male|2871 Louis Landing Suite 971 New Alisonstad, MA 66828|Marshall Islands|natalietaylor@gmail.com|2023-02-21 22:47:21|2024-09-22 23:34:43|1|2024-01-26 05:53:40|Confirmed|1|Cricket|15|682.75|63.84|47|56|15|38|2854.75|927.01
3295785795|Eric Wilson|1976-06-08|48|Male|603 Hannah Lock North Rachael, LA 19202|Denmark|ericwilson@hardy.info|2022-07-22 11:54:02|2022-09-08 12:03:10|1|2024-02-02 09:55:48|Confirmed|1|Cricket|12|621.68|164.45000000000002|34|41|12|27|2287.02|816.66
4220129046|Veronica Caldwell|1976-04-30|48|Female|150 Anthony Estate Apt. 279 Timothystad, NE 25025|Botswana|veronicacaldwell@thompson.net|2022-08-09 16:26:10|2024-07-23 01:19:00|2|2024-12-08 16:28:48|Confirmed|2|Cricket|13|709.05|225.19|34|46|14|38|2301.0699999999997|566.25
9789937927|Michael Woods|1950-11-09|74|Male|Unit 4486 Box 8323 DPO AE 99613|Cook Islands|michaelwoods@gmail.com|2022-03-13 08:21:55|2022-07-08 23:57:35|1|2023-12-24 02:59:34|Confirmed|2|Greyhounds|11|558.64|326.05|34|40|9|25|2017.8400000000001|406.77
7670475923|John Davis|1986-04-01|38|Male|5263 Melinda Plain Apt. 807 Jenniferside, LA 00778|Brunei Darussalam|johndavis@richards-murray.org|2022-03-09 03:59:06|2023-10-25 05:29:59|1|2024-11-24 06:45:55|Confirmed|1|Cricket|14|721.49|203.61|48|64|14|45|2860.51|418.62
9589309229|Kevin Sanchez|1961-06-11|63|Female|90680 Guzman Vista Timothyborough, MA 12030|Pitcairn Islands|kevinsanchez@yahoo.com|2023-07-30 19:06:53|2023-10-17 22:58:22|2|2024-03-24 08:01:52|Confirmed|2|Cricket|16|929.94|324.01|40|57|17|39|3193.37|1283.41
6658793511|Hector Shaw|1962-12-02|62|Female|32108 Michael Parks New Howardton, PA 51824|Egypt|hectorshaw@stokes.biz|2024-03-27 07:36:27|2024-12-03 01:45:32|1|2024-10-14 18:56:21|Confirmed|1|Cricket|11|520.98|53.550000000000004|33|43|16|28|2572.32|431.32
4982216062|Stephen Wells|1996-08-04|28|Male|PSC 1511, Box 3306 APO AA 08861|Montenegro|stephenwells@hotmail.com|2024-01-03 14:44:29|2024-08-16 00:40:44|1|2024-07-23 02:18:33|Confirmed|1|Cricket|15|738.3|-6.04000000000001|42|54|13|36|2631.36|593.73
3059740842|Anthony Perez|1953-01-24|71|Male|4903 Morgan Heights Suite 095 Barkerstad, AZ 42657|Ecuador|anthonyperez@gmail.com|2023-12-09 10:53:38|2025-01-02 02:32:23|1|2024-09-06 16:28:09|Confirmed|3|Football|8|274.05|51.559999999999995|31|37|9|24|1681.94|667.92
7585079631|Barry Christensen|1963-09-11|61|Male|2134 Ross Crossing Amandachester, NJ 83354|Costa Rica|barrychristensen@hotmail.com|2022-01-25 23:44:28|2024-05-03 07:44:16|1|2024-11-01 21:16:00|Confirmed|2|Cricket|11|558.36|311.94|41|54|16|39|2799.83|1349.12
5763420289|Beth Thompson|1957-06-14|67|Male|99310 Michael Shore Apt. 429 East Nancyfort, AL 99462|Namibia|beththompson@gmail.com|2023-09-02 03:18:20|2024-02-06 14:30:43|1|2024-07-29 19:22:37|Confirmed|1|Cricket|15|645.01|193.91|39|51|16|39|2374.0|662.29
7034380720|Alexandra Carpenter|1985-03-26|39|Male|38547 Stephanie Viaduct Port Lori, MN 94875|Ghana|alexandracarpenter@newman.org|2022-10-04 11:25:24|2024-09-27 04:27:36|1|2023-09-12 14:37:30|Confirmed|2|Cricket|13|758.62|458.44|33|47|15|33|2672.66|1595.51
7867330596|Debra Elliott|1979-10-03|45|None of Above|173 Thomas Harbors Lauraburgh, AR 12026|Serbia|debraelliott@yahoo.com|2022-07-01 21:30:23|2024-10-28 18:32:17|2|2024-12-30 15:13:21|Confirmed|1|Cricket|16|654.29|224.82999999999998|42|49|16|38|2443.27|516.16
5699766246|Amanda Stewart|1961-05-26|63|Female|5324 Luke Spring Suzanneville, PA 89119|Mexico|amandastewart@hotmail.com|2024-07-04 09:24:02|2024-11-13 19:59:04|1|2024-07-28 22:40:43|Confirmed|1|Greyhounds|14|931.63|442.48999999999995|31|45|14|34|2229.2599999999998|730.5699999999999
9007839003|Heidi Matthews|1981-08-12|43|Male|236 Burgess Extensions North Andrealand, CA 60469|Malaysia|heidimatthews@yahoo.com|2022-08-29 00:27:16|2024-06-03 10:34:24|1|2023-02-25 06:52:07|Confirmed|1|Cricket|16|883.24|240.99|44|52|12|42|2658.84|770.58
2311981151|David Morrow|2003-02-19|21|Male|381 Colleen Light Taylorfort, ID 70563|Sweden|davidmorrow@taylor.com|2024-04-16 02:41:04|2024-12-04 20:04:56|1|2024-04-25 10:36:41|Confirmed|1|Cricket|15|902.53|198.56|39|53|7|36|2416.0299999999997|923.78
4151031070|Kendra Carter|1976-09-27|48|Male|783 Joseph Station Baldwinchester, NH 44199|Italy|kendracarter@wood-lee.com|2022-01-12 01:11:31|2023-11-10 22:25:06|1|2024-10-28 06:41:56|Confirmed|1|Horse Racing|9|461.25|174.84|33|39|4|23|2203.17|600.9100000000001
5196215693|Angela Swanson|1952-10-02|72|Male|5872 Bradley Squares Apt. 894 Danielview, FL 92789|Ecuador|angelaswanson@clark.com|2022-02-10 16:26:09|2023-09-14 03:22:16|1|2024-06-15 08:06:57|Confirmed|2|Football|9|574.34|281.78|38|47|16|34|2837.42|903.71
7751749693|Cynthia Ortiz|2006-06-04|18|Male|41414 Tonya Shore Suite 858 South Christian, IN 29812|Samoa|cynthiaortiz@rodriguez.com|2022-11-22 05:48:51|2024-01-07 12:37:06|3|2024-10-05 12:19:29|Confirmed|1|Horse Racing|12|588.89|11.700000000000006|38|47|15|27|2334.75|648.49
9214983503|Debra Williams|1974-07-22|50|Male|71046 Nicholas Viaduct Melissatown, KY 62807|Kiribati|debrawilliams@gmail.com|2022-01-07 20:09:39|2024-01-04 09:07:02|1|2023-07-26 18:48:30|Confirmed|3|Horse Racing|13|409.39|22.28|33|40|15|28|1896.03|692.41
3649135095|Christopher Bass|1952-11-04|72|Male|6347 Dickerson Mountain Apt. 215 East Danielborough, ME 86290|Swaziland|christopherbass@hotmail.com|2022-10-12 18:53:07|2024-02-07 00:06:59|2|2024-06-19 21:02:45|Confirmed|2|Horse Racing|13|712.25|290.11|39|47|12|32|2534.26|1314.69
9158605491|Christopher Turner|2004-12-08|20|Male|58124 Angelica Land Port Elizabethfurt, WI 76495|Cyprus|christopherturner@hotmail.com|2023-12-28 18:45:18|2024-08-01 09:58:00|1|2024-04-06 07:06:43|Confirmed|2|Cricket|15|873.65|307.73|44|50|12|36|2740.96|453.96999999999997
4666431990|Brian Anderson|1999-05-06|25|Male|72949 Padilla Loaf East Paigestad, VT 98379|Martinique|briananderson@hansen.biz|2022-12-20 01:19:22|2024-07-18 17:31:17|2|2024-07-17 08:21:45|Confirmed|3|Cricket|16|907.19|328.68|37|43|9|33|2118.6600000000003|677.34
5182491977|Brad Villarreal|1987-07-31|37|Male|459 Nunez Plain Suite 476 East Gary, HI 03041|United States Virgin Islands|bradvillarreal@hernandez.biz|2022-08-28 03:53:10|2023-08-01 19:47:58|2|2024-07-13 02:05:22|Confirmed|1|Cricket|15|819.6|243.54000000000002|36|43|10|29|2033.5|575.28
4109495801|Patrick Johnson|1954-01-16|70|Female|262 Christina Lakes Andrewborough, AR 50090|Germany|patrickjohnson@thompson.com|2023-02-18 10:51:49|2024-04-19 13:50:52|1|2024-12-01 08:10:30|Confirmed|1|Cricket|16|767.8|94.14999999999999|41|56|14|37|2788.33|858.63
0906670761|Suzanne Cervantes|1963-07-25|61|Male|0072 Cody Shore Apt. 653 Brendachester, WA 68872|El Salvador|suzannecervantes@green.com|2023-10-13 17:27:23|2023-11-27 01:48:21|2|2024-01-09 07:15:57|Confirmed|1|Cricket|13|674.24|73.80000000000001|32|46|13|29|2262.36|452.52
4223312390|Willie Mckinney|2005-05-01|19|Male|PSC 6438, Box 9810 APO AE 96711|Cayman Islands|williemckinney@vasquez.com|2022-10-21 01:36:54|2025-01-10 13:05:12|1|2024-04-18 22:31:57|Confirmed|1|Cricket|20|826.53|236.43|37|47|17|29|2193.5099999999998|925.78
9401334807|Emily Gonzalez|1997-06-18|27|Male|334 Jonathan Lights Suite 451 Lake Daniel, GA 46253|Cuba|emilygonzalez@johnson.com|2022-05-06 16:24:17|2023-07-15 10:05:51|1|2023-12-28 10:35:37|Confirmed|2|Cricket|12|731.68|447.52|34|44|14|28|2336.35|757.51
3477059924|Teresa Hudson|1982-11-13|42|Female|USNV Peck FPO AE 30995|Saint Lucia|teresahudson@harris.com|2023-02-17 07:23:17|2024-10-16 03:42:52|2|2025-01-11 14:06:03|Confirmed|2|Football|13|828.99|248.25|38|57|18|36|3044.73|1227.13
4458490486|Luke Mayo|1974-02-01|50|Male|52176 Mosley Underpass Robertsonshire, LA 60470|Botswana|lukemayo@yahoo.com|2024-02-29 17:51:24|2025-01-04 01:57:29|1|2024-06-24 08:26:17|Confirmed|3|Cricket|16|750.34|328.15999999999997|33|45|7|27|1970.24|631.5699999999999
2536459077|Jon Copeland|1981-02-04|43|Male|37586 Owens Parkway Suite 582 Taylorshire, HI 69566|Western Sahara|joncopeland@gmail.com|2024-07-02 17:07:08|2024-12-17 19:10:04|1|2024-10-30 02:31:31|Confirmed|1|Horse Racing|12|753.28|-184.06|43|52|22|36|2580.98|149.7
2907384664|Lindsey Lopez|1951-12-27|73|Male|43097 Gaines Burg Suite 646 Port Ashley, AZ 59352|Jamaica|lindseylopez@guzman-york.net|2023-05-21 02:51:40|2023-09-13 23:44:06|2|2024-08-09 12:24:54|Confirmed|1|Cricket|13|664.35|221.56|35|50|14|37|2538.8|964.96
1698928611|Sandra Simmons|1978-12-17|46|Female|3296 Victor Mount Bowenville, MA 54763|Samoa|sandrasimmons@ortega.com|2022-06-12 12:34:33|2024-05-03 06:50:18|3|2025-01-08 11:31:44|Confirmed|2|Cricket|18|1098.27|509.25|39|48|13|28|2699.33|1084.1399999999999
4226064648|Curtis Cunningham|1964-04-15|60|Female|663 Shannon Club Allisonton, NC 21738|Suriname|curtiscunningham@yahoo.com|2023-12-23 17:07:52|2024-08-31 03:09:00|1|2024-10-16 10:35:59|Confirmed|2|Cricket|14|939.94|327.03|34|40|10|25|2435.37|601.2
2531701873|Melissa Olsen|1981-11-17|43|Female|09532 Garza Crest Apt. 517 Aliciafurt, AR 91054|Saint Martin|melissaolsen@yahoo.com|2023-01-07 10:39:04|2024-12-06 04:05:02|1|2024-07-19 01:48:14|Confirmed|1|Greyhounds|9|484.39|96.24000000000001|39|42|11|30|2334.59|805.8
8494718961|Kimberly Owens|1949-08-04|75|Male|926 Sheila Ville Suite 595 New Christopher, DE 93112|Bangladesh|kimberlyowens@davis.org|2022-06-26 21:20:04|2024-12-12 02:39:50|2|2024-10-07 03:57:06|Confirmed|2|Greyhounds|10|541.4|269.84000000000003|35|45|14|31|2196.14|847.7900000000001
7067776604|Nicole West|1949-09-02|75|Female|73527 Murphy Inlet Suite 250 Edwardchester, NH 88220|Egypt|nicolewest@briggs.com|2024-01-09 17:50:22|2024-07-24 23:11:57|1|2024-08-03 08:21:12|Confirmed|2|Cricket|12|515.04|113.82|39|45|10|28|2177.48|525.26
3478699574|Michelle James|1956-12-27|68|Male|94588 Alexis Mews Apt. 630 Lisashire, MS 03528|Macao|michellejames@hotmail.com|2023-01-17 21:40:26|2023-02-15 15:34:14|3|2025-01-12 04:32:02|Confirmed|2|Cricket|12|593.46|229.29999999999998|41|57|15|39|2761.6800000000003|423.67999999999995
3351739574|Brian Rogers|2005-12-25|19|Male|315 Kyle Mews Suite 152 North Johnberg, MA 61085|Ecuador|brianrogers@kennedy.com|2023-08-05 12:35:07|2024-06-23 15:36:22|1|2023-08-16 07:38:17|Confirmed|1|Cricket|14|817.4|47.449999999999996|34|45|15|34|2187.09|293.14
0725618731|Edward Johnson|1985-01-30|39|Male|265 Billy Land Apt. 969 Morrisonfurt, NJ 34545|Liberia|edwardjohnson@gonzalez-clark.net|2024-08-11 23:27:20|2024-08-30 15:37:53|1|2024-09-11 23:52:46|Confirmed|2|Cricket|13|770.59|201.06|34|43|13|32|2219.31|371.06
5454953844|Justin Shepard|1980-01-10|45|Male|9698 Samantha Squares Carterfurt, AL 24818|Bulgaria|justinshepard@ramirez.org|2024-06-02 04:02:16|2024-06-22 23:48:17|1|2024-11-06 08:02:49|Confirmed|2|Cricket|14|700.9399999999999|309.55|36|49|15|35|2426.1|1055.52
1903508271|Tony Brown|1992-07-23|32|Female|8460 Haley Key Suite 357 Spencermouth, AK 96041|South Georgia and the South Sandwich Islands|tonybrown@yahoo.com|2023-05-06 22:16:09|2023-12-01 23:18:50|1|2024-07-15 21:36:09|Confirmed|2|Cricket|19|1069.74|479.78|36|43|10|27|2377.1|817.2099999999999
4416355660|Shannon Hudson|1993-04-12|31|Female|67672 Walter Locks Kerrfort, DE 21694|Finland|shannonhudson@yahoo.com|2022-07-25 04:59:46|2024-01-27 13:41:37|1|2022-08-26 12:25:59|Confirmed|1|Basketball|11|418.72|117.96|35|43|16|29|2180.28|820.03
0922008047|Mrs. Amy Franklin MD|1962-08-22|62|Male|74157 Kathryn Trace Apt. 505 East Markville, ND 07435|Romania|mrsamyfranklinmd@hotmail.com|2024-08-24 05:23:12|2024-09-11 08:22:52|1|2024-11-11 18:08:07|Confirmed|1|Cricket|14|803.73|45.42000000000001|45|57|13|37|2976.27|426.97
3230399210|Lindsay Torres|1959-05-28|65|Male|30111 Castro Forest Lake Rhonda, CA 61187|Denmark|lindsaytorres@bray-strickland.com|2023-08-20 00:57:55|2024-12-04 07:10:26|1|2024-07-01 12:01:02|Confirmed|1|Horse Racing|9|518.82|207.51|32|41|13|27|2324.13|492.71999999999997
8554610332|Carla Bray|1976-02-03|48|Male|01731 Newman Harbors New Sharonberg, WV 89595|Faroe Islands|carlabray@gmail.com|2022-08-16 18:30:20|2023-02-03 02:12:58|1|2023-04-26 07:47:40|Confirmed|1|Horse Racing|14|609.89|171.27|44|60|17|41|2971.4700000000003|1069.92
0784573812|Rachel Lozano|1973-08-23|51|Female|2727 Smith Spur Port Jeremy, DC 05658|Libyan Arab Jamahiriya|rachellozano@yahoo.com|2023-06-18 11:49:01|2024-07-19 22:49:01|1|2024-01-29 03:59:49|Confirmed|2|Cricket|14|751.15|311.88|41|52|20|40|2452.21|1148.08
9761055063|Catherine Wheeler|2001-12-20|23|Male|3401 Wallace Stream Suite 568 East Markhaven, KY 38377|Mozambique|catherinewheeler@yahoo.com|2024-05-06 14:50:13|2024-10-01 08:58:24|1|2024-06-11 16:28:47|Confirmed|1|Cricket|17|777.7|330.09999999999997|44|60|17|46|3016.18|1182.05
6143462348|Melvin Owen|1975-12-30|49|Female|5456 Dustin Coves Jonathonview, IA 65186|Slovakia (Slovak Republic)|melvinowen@mclaughlin.com|2024-07-05 17:51:06|2024-10-10 17:37:40|1|2024-12-17 11:07:46|Confirmed|1|Cricket|9|337.40999999999997|141.9|36|41|9|27|1832.56|776.79
4469924279|Matthew Murray|1949-03-29|75|Female|074 April Union Suite 226 New Dianamouth, NY 54866|United States of America|matthewmurray@yahoo.com|2024-07-08 14:49:01|2024-11-27 11:17:34|3|2024-11-24 00:59:27|Confirmed|1|Cricket|18|676.27|300.87|43|53|18|40|2540.93|766.73
2599541989|Kathleen Clark|1984-08-17|40|Male|73703 Tammy Hill Apt. 557 Wellsborough, TX 91654|Norway|kathleenclark@gmail.com|2022-07-09 16:48:31|2024-08-02 19:13:08|3|2025-01-01 08:16:44|Confirmed|1|Cricket|15|696.4|182.72|38|56|14|38|2678.41|1005.72
2554189981|Matthew Dean|1995-12-04|29|Male|33345 Wolfe Plaza Suite 193 West Lindaview, MA 03315|Sierra Leone|matthewdean@combs-daniel.com|2024-02-27 04:05:15|2024-10-22 20:26:08|2|2024-06-04 10:55:26|Confirmed|1|Cricket|13|595.56|268.52|37|45|11|25|2356.0099999999998|695.4
1281880035|Todd Martin|1963-03-29|61|Male|4836 Young Neck Port Christinaville, WI 56991|Rwanda|toddmartin@yahoo.com|2024-03-04 12:33:05|2024-04-07 12:04:14|1|2024-03-26 05:54:31|Confirmed|2|Greyhounds|15|918.92|191.76|39|47|11|34|2489.87|694.91
3286219380|Richard Moody|1971-12-25|53|Male|883 Patterson Rest South Richard, OK 93101|Indonesia|richardmoody@thompson.com|2024-05-04 18:34:41|2024-11-27 10:45:42|1|2024-11-21 19:27:03|Confirmed|1|Cricket|12|611.4|-48.370000000000005|38|47|15|30|2001.06|788.47
8636964916|John Booker|2006-01-06|19|Male|USCGC Waters FPO AE 54147|Northern Mariana Islands|johnbooker@yahoo.com|2024-11-07 13:53:33|2024-12-10 05:50:46|1|2024-12-28 13:24:16|Confirmed|1|Cricket|18|1061.97|9.239999999999995|45|63|8|39|3601.38|550.35
2377780698|Jerry Anderson|1984-06-17|40|Male|495 Shawn Pines Apt. 015 East Angelicaburgh, RI 28803|China|jerryanderson@gmail.com|2022-09-15 19:16:36|2023-03-21 14:14:25|2|2024-11-15 07:58:57|Confirmed|1|Cricket|13|828.71|246.73|40|52|19|33|2954.86|742.52
6574482310|Christopher Smith|1977-12-27|47|Male|7230 Jeffery Wall Apt. 135 North Matthew, DE 75844|Saint Helena|christophersmith@brewer-jones.com|2022-02-03 14:53:03|2024-07-24 07:29:07|1|2024-06-14 15:51:18|Confirmed|2|Horse Racing|9|583.53|292.31|28|34|9|28|1539.31|966.2
4283721168|Nicole Hill|1986-12-13|38|Male|16762 Williams Mountains Moodyburgh, SC 37830|China|nicolehill@morris.org|2023-03-18 19:52:01|2024-01-30 02:29:39|1|2023-10-11 18:58:49|Confirmed|1|Greyhounds|19|1204.09|528.43|41|62|21|46|3084.73|627.62
8819733395|Tyler Hodge|1977-06-07|47|Female|98434 Turner Mountain Apt. 407 Fitzgeraldchester, MS 10223|Azerbaijan|tylerhodge@costa.com|2024-04-17 13:16:39|2024-10-07 15:35:06|1|2024-10-13 01:06:04|Confirmed|2|Cricket|15|720.91|224.27|30|37|9|25|2148.87|299.27
9549952424|Melissa Adams|2003-01-25|21|Male|01581 Randy Forges Aliciatown, WY 10275|Sri Lanka|melissaadams@wong.net|2023-03-03 23:59:24|2023-07-18 14:58:51|3|2024-08-17 12:46:44|Confirmed|3|Basketball|8|352.51|74.74|34|45|10|30|2071.87|705.9
8193546595|Michael Jones|1957-02-17|67|Male|883 Carolyn Roads Suite 839 Alexisbury, TX 99096|Netherlands|michaeljones@gmail.com|2022-07-06 08:38:40|2024-10-08 00:35:07|1|2023-03-13 10:00:09|Confirmed|2|Horse Racing|17|922.55|413.98|34|50|13|34|2713.67|793.55
5733847359|Brian Gonzalez|1988-02-09|36|Male|449 Danielle Pike Apt. 572 Popebury, WA 38221|Ireland|briangonzalez@yahoo.com|2022-07-09 14:39:47|2023-01-22 22:20:08|1|2023-07-20 12:51:37|Confirmed|2|Basketball|12|650.22|130.11|39|47|12|32|2341.48|734.5500000000001
5877503267|Haley Mcpherson|1950-03-03|74|Male|83287 Brady Stream Apt. 873 Harperton, NE 80727|Mauritania|haleymcpherson@castillo.info|2024-11-21 09:20:52|2024-12-12 17:42:46|1|2024-12-25 18:53:09|Confirmed|1|Cricket|18|844.79|386.08000000000004|39|53|18|33|2482.45|531.1500000000001
6595519343|Thomas Bryant|1966-04-08|58|Male|8295 Hopkins Fords Suite 114 North Maureen, VA 85200|South Africa|thomasbryant@gmail.com|2022-12-30 12:40:50|2024-10-23 14:11:30|1|2023-07-19 02:06:32|Confirmed|2|Basketball|14|767.03|265.86|43|57|21|40|2597.27|632.1600000000001
8658286910|Susan Johnston|1978-06-25|46|Male|47716 Jerry Park West Melissaberg, IN 00735|Hungary|susanjohnston@yahoo.com|2022-05-19 15:42:36|2023-04-09 06:31:50|1|2022-08-20 15:53:41|Confirmed|3|Cricket|14|840.77|172.89|44|58|17|41|2767.35|909.33
1340155557|William Davis|1991-09-27|33|Male|4730 Colon Mountains Apt. 261 Lake Brandon, MT 03925|Papua New Guinea|williamdavis@cooley.org|2023-04-14 12:03:09|2023-05-16 12:09:01|1|2024-05-23 19:31:45|Confirmed|1|Cricket|21|937.69|229.42|33|48|13|33|2507.55|747.31
1516065477|Allison Bailey|1976-02-02|48|Male|328 Chaney Valley Apt. 618 Toddfort, CA 61125|Venezuela|allisonbailey@yahoo.com|2022-01-24 04:07:10|2024-04-02 13:35:53|1|2024-11-02 11:00:33|Confirmed|1|Cricket|18|877.6700000000001|331.56|45|58|21|40|2954.9700000000003|563.3
5703033497|Maria Glass|1964-07-04|60|Male|2933 Gilbert Courts New Lesliefurt, WY 23381|Tajikistan|mariaglass@gmail.com|2023-03-22 20:13:38|2023-09-05 04:23:28|2|2023-11-18 17:47:04|Confirmed|1|Greyhounds|13|651.26|434.28999999999996|41|54|15|38|2646.47|1427.94
7391117700|Robert Petty|1974-07-12|50|Male|USNV Hicks FPO AP 09744|Saint Barthelemy|robertpetty@walker.org|2024-02-08 03:25:48|2024-04-17 00:51:40|1|2024-04-16 21:43:59|Confirmed|2|Horse Racing|12|618.39|70.60000000000001|32|41|11|30|2188.55|776.91
0671791884|Susan Brown MD|1971-07-24|53|Male|474 John Place Lake Christopher, ID 84834|Svalbard & Jan Mayen Islands|susanbrownmd@oconnor.net|2023-04-23 13:27:06|2024-07-05 20:00:07|1|2024-07-04 13:14:04|Confirmed|2|Basketball|16|761.52|466.65|36|46|17|34|2060.79|737.66
5485104303|Kathleen Miller|1984-01-18|40|Female|472 Julie Lane Sandraview, DE 59830|Bulgaria|kathleenmiller@casey.biz|2023-03-28 23:15:52|2023-04-04 13:35:00|1|2024-03-27 00:21:15|Confirmed|3|Cricket|25|1089.29|431.5|48|66|21|45|2936.39|832.1
7938836675|Dale Kelly|1983-04-28|41|Male|209 Justin Radial Sandraberg, VT 44254|Jamaica|dalekelly@smith-garza.net|2024-10-05 14:16:55|2024-10-19 05:01:40|2|2024-12-24 04:44:51|Confirmed|1|Cricket|12|694.42|205.71|36|44|11|31|2084.43|514.75
6845334722|Kathleen Thomas|1951-10-12|73|Male|126 Shelly Plaza Suite 386 Chenfort, CA 53737|Morocco|kathleenthomas@kelley.com|2023-10-16 10:00:52|2024-06-25 11:47:14|1|2024-12-11 19:00:10|Confirmed|1|Greyhounds|16|942.18|378.29|42|57|20|40|3190.28|837.77
6262871721|Jessica Tapia|1983-09-10|41|Male|Unit 9666 Box 7164 DPO AE 91598|Ecuador|jessicatapia@gmail.com|2022-01-16 08:22:23|2024-11-21 07:36:43|2|2024-09-19 15:24:29|Confirmed|1|Cricket|14|798.89|101.7|37|55|16|40|3025.73|929.1
8573363826|Tracey Ross|1982-11-24|42|Male|Unit 0964 Box 2170 DPO AP 23054|Comoros|traceyross@kline-williams.info|2024-03-11 19:35:50|2024-11-27 09:33:44|1|2024-04-02 13:15:26|Confirmed|2|Football|9|475.24|115.32|39|47|18|33|2179.3|667.5
4863876851|Tanya White|1961-07-08|63|Male|6084 Alvarez Estate Ellisburgh, SD 04960|Tokelau|tanyawhite@skinner.biz|2024-06-17 21:23:13|2025-01-05 17:33:11|1|2024-07-21 02:05:40|Confirmed|2|Cricket|11|475.56|214.45|34|42|15|29|2192.14|734.8199999999999
7576654305|Sharon Buckley|1965-12-02|59|Male|13022 Copeland Park South Pamela, OK 54739|Canada|sharonbuckley@gmail.com|2024-01-16 20:03:50|2024-12-15 04:33:30|1|2024-05-29 20:01:49|Confirmed|2|Cricket|15|645.17|46.22|37|45|10|33|1989.45|660.09
5241589111|Sarah Crane|1992-12-11|32|Male|53914 Jackson Isle Apt. 310 Brianview, WV 89057|Tonga|sarahcrane@yahoo.com|2023-01-04 19:40:11|2024-09-08 07:16:26|1|2024-05-09 17:23:00|Confirmed|1|Cricket|10|411.8|94.94000000000001|39|46|13|36|2131.1|343.47
9821667021|Joshua Blair|1967-12-29|57|Female|1704 Christian Mountain Pamelaborough, NY 54261|Netherlands Antilles|joshuablair@ramos-jackson.net|2022-09-21 13:33:44|2024-02-17 13:04:34|1|2023-02-07 08:42:16|Confirmed|1|Cricket|16|825.65|239.72|46|57|19|42|2784.67|1331.38
9630584298|Timothy Carter|2006-12-16|18|Male|9696 Michelle Skyway Suite 032 New Alison, OH 15397|Yemen|timothycarter@gmail.com|2024-09-28 04:34:51|2025-01-02 05:33:19|1|2024-11-13 13:46:09|Confirmed|1|Cricket|13|626.18|-20.499999999999996|40|47|10|29|2412.3199999999997|779.1999999999999
0037930792|Lance Ray|1963-08-17|61|Male|4301 Lindsay Trail East Danielfurt, AR 63685|South Africa|lanceray@harrington.com|2023-08-19 05:07:37|2024-03-16 08:32:12|1|2025-01-10 02:28:03|Confirmed|2|Greyhounds|13|694.0899999999999|342.77|38|43|14|34|2279.08|1008.5
9988301732|Todd Schneider|1966-09-27|58|Male|3097 Amanda Terrace Suite 425 Harrisonbury, WI 37062|Uruguay|toddschneider@richmond-wright.net|2024-07-06 04:56:34|2024-07-21 00:45:48|1|2024-11-07 08:53:29|Confirmed|1|Cricket|15|754.1999999999999|196.94|38|50|13|34|2596.13|1094.19
0390089596|Alex Bates|1999-10-01|25|Male|2896 Martinez Mountains West Jason, CT 99930|Croatia|alexbates@hotmail.com|2024-01-19 02:32:22|2024-04-16 00:58:52|3|2025-01-11 05:07:49|Confirmed|1|Greyhounds|20|1185.02|176.5|47|65|16|46|3318.95|964.8
4967270234|Laura Perry|1997-03-01|27|Female|081 Miller Points Suite 701 Port Lynnbury, NE 31264|Lesotho|lauraperry@yahoo.com|2023-11-14 14:35:48|2024-06-24 12:16:58|2|2025-01-10 13:06:57|Confirmed|3|Cricket|17|626.45|86.15|40|48|13|35|2349.34|346.98
7529823781|Kristy Riddle|1992-06-16|32|Female|47668 Sara Court Frankstad, NM 04516|Lebanon|kristyriddle@gmail.com|2023-06-06 11:14:45|2025-01-03 21:21:16|3|2024-12-22 17:32:53|Confirmed|2|Cricket|15|664.79|105.82|40|55|19|41|2687.79|458.2
7064835926|April Barrett|1987-07-25|37|Male|9055 Roach Heights Apt. 816 West Benjaminside, AZ 71343|Zimbabwe|aprilbarrett@jordan-williams.com|2024-08-12 00:40:59|2024-12-17 17:46:19|1|2024-12-11 01:14:21|Confirmed|1|Cricket|17|948.46|2.6200000000000045|42|52|16|36|2675.53|506.01
8287775163|Brittany Butler|1963-01-28|61|Female|USNV Howard FPO AA 59152|Brunei Darussalam|brittanybutler@hotmail.com|2024-04-15 13:35:51|2024-04-30 21:42:19|1|2024-11-06 00:50:06|Confirmed|1|Greyhounds|12|493.4|165.79|32|44|7|32|2331.19|936.74
3760826468|Ms. Ashley Herrera|1961-04-27|63|Female|84172 Kathryn Mount Suite 224 Rodriguezland, GA 04395|Saint Helena|msashleyherrera@yahoo.com|2022-11-28 05:01:22|2024-05-07 07:59:50|1|2023-03-23 12:54:44|Confirmed|2|Cricket|14|845.87|244.74|37|46|15|32|2565.14|803.45
9719606511|Aaron Bryant|1974-07-26|50|Female|01195 Stephens Road South Christophermouth, PA 09185|Eritrea|aaronbryant@cooper.com|2022-12-21 16:14:54|2023-11-15 08:42:23|2|2025-01-02 19:38:39|Confirmed|2|Cricket|13|686.24|100.77000000000001|41|51|15|38|2596.38|1470.3799999999999
4819505208|Julie Ramirez|1977-03-22|47|Female|USNS Sullivan FPO AE 45078|Ireland|julieramirez@gmail.com|2023-10-09 21:31:14|2024-05-02 21:29:22|1|2023-10-21 01:22:08|Confirmed|1|Cricket|17|892.3|220.42|33|39|8|26|1925.47|539.94
0929211779|Meghan Hurley|1973-07-09|51|Male|USNS Garcia FPO AP 48836|Mongolia|meghanhurley@turner.com|2024-08-01 09:50:26|2024-12-28 00:33:50|1|2024-12-24 20:57:47|Confirmed|2|Cricket|15|798.59|145.66|38|48|12|34|2767.25|827.7700000000001
7561121757|Cheyenne Bennett|1967-11-04|57|Male|Unit 3233 Box 3663 DPO AP 27396|Colombia|cheyennebennett@lee.com|2024-05-14 04:26:27|2024-11-19 11:10:06|1|2025-01-08 17:26:01|Confirmed|1|Cricket|18|998.23|262.19|39|52|15|30|2653.23|742.02
7777452418|Christy Parsons|1973-12-13|51|Male|1069 Cynthia Spring Apt. 333 Charlesport, NV 19945|Kuwait|christyparsons@roy.com|2024-01-27 20:22:22|2024-09-11 07:37:30|2|2025-01-01 14:49:10|Confirmed|2|Horse Racing|10|506.53999999999996|148.92999999999998|35|42|10|27|2236.94|876.8
6801812866|Natasha Allen|1970-06-14|54|Male|PSC 4074, Box 8357 APO AE 29848|Northern Mariana Islands|natashaallen@alexander.info|2023-09-06 16:39:03|2024-09-18 10:59:07|1|2024-01-28 21:39:47|Confirmed|1|Cricket|14|653.18|231.43|40|48|13|30|2399.33|557.15
6958561037|Vincent Smith|1967-06-30|57|Male|Unit 6964 Box 9334 DPO AP 75698|Kenya|vincentsmith@riddle-horn.com|2022-10-16 13:10:17|2024-02-02 11:37:49|1|2024-08-21 20:05:29|Confirmed|2|Cricket|11|715.66|-4.890000000000004|37|55|18|39|2977.1800000000003|647.02
5766658712|Jordan Morgan|1978-07-25|46|Male|159 Samantha Forest Apt. 521 West Emily, SC 47350|United States Virgin Islands|jordanmorgan@yahoo.com|2023-07-21 00:24:16|2023-11-30 23:50:01|2|2024-12-26 01:53:53|Confirmed|1|Greyhounds|13|715.5|168.51999999999998|38|56|17|39|2768.2|945.88
5805697360|Nichole Jarvis|1953-10-13|71|Female|1211 William Ramp Murphyfurt, AL 11897|Ghana|nicholejarvis@yahoo.com|2022-02-11 19:16:08|2023-06-20 23:19:50|2|2024-03-08 00:57:09|Confirmed|2|Cricket|17|833.5|236.37|31|54|15|36|2662.93|1065.34
4244586693|Christopher Jordan|1968-02-15|56|Female|137 Liu Dale Suite 466 Lake Janet, SC 38790|Swaziland|christopherjordan@hotmail.com|2024-09-28 06:10:23|2024-10-16 16:54:29|3|2025-01-10 17:49:31|Confirmed|1|Cricket|17|1043.95|717.81|41|57|22|43|3318.65|1346.26
2781848108|Kenneth Combs|2003-04-24|21|Female|6951 Tara Centers Matthewhaven, IN 39752|Gabon|kennethcombs@fernandez-mccoy.com|2023-08-31 20:49:17|2023-12-27 16:22:35|1|2024-06-28 04:50:42|Confirmed|1|Cricket|16|844.77|403.28|35|48|11|33|2422.87|845.21
7833412819|Thomas Smith|2001-09-30|23|Male|9317 Carla Villages Apt. 542 Rebeccashire, MI 36442|Falkland Islands (Malvinas)|thomassmith@gmail.com|2023-10-05 09:44:48|2024-03-24 13:47:33|1|2023-10-21 07:19:44|Confirmed|2|Cricket|13|657.53|25.700000000000003|37|41|15|27|2074.69|703.84
4374982732|Anna Brown|1997-04-15|27|Female|9780 Erickson Heights Port Darinmouth, TX 55158|Rwanda|annabrown@gmail.com|2025-01-02 20:49:09|2025-01-03 12:26:09|2|2025-01-12 16:28:35|Confirmed|1|Cricket|16|835.13|156.31|37|42|15|29|2137.42|1029.22
5610690698|Walter Hardy|1951-09-22|73|Male|USS Haynes FPO AP 29715|Kyrgyz Republic|walterhardy@hotmail.com|2023-03-24 02:04:44|2024-03-23 07:59:46|1|2024-12-26 05:21:14|Confirmed|2|Cricket|14|668.0|241.22|36|46|20|38|2349.68|910.13
4802736977|Mary Martinez|1995-09-10|29|Male|20919 Evans Stravenue Apt. 371 North Tristan, IN 98120|Azerbaijan|marymartinez@yahoo.com|2023-03-29 16:00:04|2023-06-12 06:36:05|2|2024-11-06 04:10:46|Confirmed|1|Cricket|12|562.65|108.78999999999999|41|49|15|35|2416.8|758.91
4156363122|Joshua Graham|1988-09-24|36|Female|90167 Thompson Underpass Suite 007 North Anthony, KS 71164|Albania|joshuagraham@hotmail.com|2022-11-21 12:03:04|2024-11-03 22:32:59|1|2024-05-02 23:22:31|Confirmed|2|Cricket|12|568.65|13.270000000000001|35|42|11|27|1947.41|396.9
8069968429|Joseph Luna|1982-07-11|42|Male|63774 David Via Apt. 328 Tiffanyhaven, ND 41127|Marshall Islands|josephluna@warren.com|2022-06-25 09:26:16|2024-06-02 22:46:58|1|2024-08-05 05:54:39|Confirmed|1|Cricket|14|707.42|119.93|37|42|12|32|2088.3199999999997|678.5300000000001
4589565776|Courtney Brown|1966-12-26|58|Male|USS Moore FPO AP 60684|Malaysia|courtneybrown@yahoo.com|2022-09-28 21:20:51|2023-03-11 23:28:23|2|2023-10-05 20:21:10|Confirmed|1|Horse Racing|22|965.77|284.96|36|62|17|38|3126.71|710.75
5750977287|Christopher Roberson|1988-11-27|36|Male|403 Garcia Trail Apt. 097 West Dylanmouth, ME 16515|Uzbekistan|christopherroberson@gmail.com|2022-06-01 21:16:46|2022-10-10 12:18:47|2|2024-06-11 14:19:43|Confirmed|1|Cricket|15|691.97|393.0|39|50|16|34|2541.97|922.16
3680886959|Robert Nelson|1979-08-19|45|Male|84032 Richard Shore Lake Christine, DE 50581|Barbados|robertnelson@gmail.com|2023-08-25 05:15:09|2024-04-05 10:19:48|1|2024-09-28 19:21:47|Confirmed|2|Cricket|17|690.94|208.41|45|49|13|33|2030.19|382.41999999999996
4769270289|Yolanda Smith|1962-01-20|62|Male|6711 White Hill Apt. 909 Laurenport, AL 70410|New Caledonia|yolandasmith@yahoo.com|2024-10-05 01:12:53|2024-12-05 03:50:07|1|2024-12-14 17:06:44|Confirmed|2|Cricket|23|1195.75|804.11|35|54|10|37|2513.74|1118.04
2679423384|Mr. Anthony Jennings MD|1971-05-19|53|Female|PSC 0606, Box 3820 APO AE 72895|Denmark|mranthonyjenningsmd@hall-morgan.com|2023-11-27 13:33:31|2023-12-29 09:36:12|1|2024-04-07 09:06:28|Confirmed|2|Cricket|10|426.86|214.25|31|43|10|29|2179.16|1027.59
9574636940|Brian Mcdaniel|1978-12-27|46|Female|538 Jean Coves Apt. 411 Lake Cynthialand, NH 42864|Maldives|brianmcdaniel@hotmail.com|2022-09-25 08:52:13|2022-09-25 13:37:30|1|2023-12-30 08:37:57|Confirmed|1|Cricket|10|612.73|42.15|34|36|14|25|1715.4|280.47
7961556092|John Rogers|1954-06-05|70|Male|650 Warner Manors West Austinview, TN 76771|Saint Martin|johnrogers@yahoo.com|2023-08-18 09:37:40|2023-11-02 19:19:41|1|2023-10-14 01:33:58|Confirmed|2|Cricket|10|625.52|203.28|39|42|18|29|2091.58|331.56
4482597668|Amy Lee|1991-02-05|33|Male|8579 Michele Lodge New Melissaburgh, SC 70910|Monaco|amylee@long-douglas.com|2023-07-20 00:23:11|2024-12-20 10:03:53|1|2024-06-15 11:53:49|Confirmed|1|Cricket|20|1074.15|396.25|49|65|19|50|3514.1|1194.8
1818524957|Michael Lucas|2002-06-15|22|Male|14377 Jason Walks Apt. 255 Ellisonmouth, DE 26683|Equatorial Guinea|michaellucas@curtis-lambert.com|2023-06-07 22:38:21|2023-09-21 23:36:19|1|2024-02-02 11:21:48|Confirmed|2|Cricket|14|994.75|127.54|41|52|13|35|2917.29|1150.89
3319128572|Nancy Ellison|1964-10-19|60|Male|16831 Christy Burgs Apt. 678 Thompsonside, NM 97260|Nepal|nancyellison@gmail.com|2023-08-28 07:51:33|2023-09-07 20:11:02|1|2024-07-30 09:07:26|Confirmed|1|Cricket|11|539.55|190.74|33|42|10|33|2253.92|1415.6
5347616618|Danielle Kelley|2000-07-25|24|Male|955 Thomas Pine Allenville, ND 20461|China|daniellekelley@hotmail.com|2024-01-28 01:54:01|2024-04-28 08:00:33|2|2024-10-24 14:14:09|Confirmed|1|Greyhounds|9|458.71|118.39|40|47|13|27|2762.08|1147.82
4514835224|Noah Chapman|1996-06-29|28|Female|33094 Contreras Stravenue Williamston, AR 50640|Comoros|noahchapman@gmail.com|2022-01-30 23:32:19|2022-09-29 14:26:50|2|2023-07-12 18:01:02|Confirmed|1|Cricket|21|1119.55|207.82|52|64|25|52|3611.23|566.4
7597539986|John Lewis|1965-11-21|59|Male|823 Stephanie Expressway South Ashleyburgh, MN 44087|Netherlands Antilles|johnlewis@hotmail.com|2023-11-26 05:04:59|2024-04-04 15:30:39|1|2024-06-20 18:08:39|Confirmed|3|Horse Racing|12|585.63|337.8|39|52|15|37|2327.87|751.46
5841705226|Jason Jackson|1995-03-13|29|Male|USS Brown FPO AA 30741|Netherlands Antilles|jasonjackson@vincent-jones.com|2024-12-02 06:40:20|2025-01-07 22:03:20|1|2024-12-15 05:13:49|Confirmed|2|Cricket|9|504.16|127.9|38|45|12|32|2589.09|731.14
7304662815|Marcia Manning|1964-03-06|60|Female|8549 Travis Harbors Lake Shawn, DE 43052|Turkmenistan|marciamanning@holland.com|2023-12-16 11:11:15|2024-10-13 02:14:16|1|2024-05-04 07:24:32|Confirmed|1|Cricket|16|640.26|5.459999999999995|36|51|15|38|2246.63|389.88
3905548714|Melissa Collins|2000-05-14|24|None of Above|6499 Boyer Centers Tammyfort, TN 01356|Qatar|melissacollins@marsh.com|2023-10-21 00:07:31|2024-09-03 19:52:32|1|2024-06-16 04:00:41|Confirmed|2|Cricket|15|899.53|78.87|33|46|13|31|2426.75|426.47
5364883667|James Kim|1976-08-27|48|Male|86066 Barrett Brooks Apt. 468 Gracechester, DE 59779|Albania|jameskim@hotmail.com|2024-10-13 16:50:52|2024-12-11 05:36:36|2|2024-12-29 02:30:41|Confirmed|1|Cricket|12|665.62|79.78|34|40|9|26|2342.35|380.58
6218307471|James Chandler|1997-11-13|27|Female|63798 Dustin Mall South Shaneburgh, NJ 13771|Norfolk Island|jameschandler@gmail.com|2024-06-16 21:25:20|2024-12-04 02:26:56|1|2024-06-20 15:18:31|Confirmed|1|Cricket|10|520.87|119.88|33|43|17|35|2401.76|878.2199999999999
3268612851|Michael Rodriguez|1985-02-28|39|Female|7985 Olson Haven Robertberg, NM 28760|Guernsey|michaelrodriguez@lamb.com|2022-06-27 09:49:28|2024-05-01 05:25:50|2|2024-12-28 00:54:02|Confirmed|1|Cricket|14|790.98|176.35|42|52|17|37|2705.44|765.79
2803421046|Danielle Byrd|1952-07-08|72|Male|7691 Neal Branch Suite 479 Tinaport, NV 66686|Seychelles|daniellebyrd@hotmail.com|2023-04-04 23:59:13|2024-12-31 22:21:13|1|2024-01-23 02:44:55|Confirmed|1|Cricket|18|1016.9|402.9|35|51|15|38|2554.47|1186.97
2895169317|Susan Price|1992-01-02|33|Male|Unit 0583 Box 5447 DPO AE 59726|Dominica|susanprice@yahoo.com|2022-02-25 04:43:38|2022-07-15 23:48:16|2|2023-07-28 08:43:58|Confirmed|2|Horse Racing|9|505.58|464.71000000000004|32|38|11|28|2255.85|1108.28
9111425729|Tammy Mcdowell|1969-12-31|55|Male|7032 Mary Key North Austinhaven, WA 34321|Georgia|tammymcdowell@alvarez.info|2022-07-15 23:45:14|2024-03-26 01:41:30|2|2024-10-11 00:28:06|Confirmed|1|Football|15|772.47|61.84|38|49|10|36|2322.18|755.83
8869972646|Samantha Carter|1972-07-22|52|Male|69463 Charles Landing Apt. 274 East Henry, MN 80642|Puerto Rico|samanthacarter@west.com|2023-03-19 19:51:46|2024-08-22 12:54:35|1|2023-03-24 07:38:09|Confirmed|2|Cricket|12|680.35|199.96|40|49|14|30|2322.7400000000002|542.27
0360084128|Christopher Stewart|1973-05-12|51|Male|618 Carl Point Bradleymouth, KS 69451|Jersey|christopherstewart@berger-woodward.com|2025-01-06 04:43:17|2025-01-10 06:12:40|1|2025-01-06 23:58:15|Confirmed|1|Greyhounds|12|508.23|79.73|42|54|18|39|2556.59|478.58
2976410147|Tom Jimenez|1951-02-11|73|Female|0233 Reyes Rue West Jacob, CA 23747|Christmas Island|tomjimenez@lambert.com|2024-11-20 10:28:27|2024-11-30 03:59:26|1|2024-12-28 17:18:47|Confirmed|3|Cricket|16|931.58|579.29|38|51|13|36|2633.13|1112.07
3290905786|Henry Lane MD|1984-05-04|40|Male|86819 Perez Roads Suite 951 North David, OK 37617|Singapore|henrylanemd@yahoo.com|2024-01-23 13:27:15|2024-05-22 05:37:27|2|2024-12-29 21:43:25|Confirmed|1|Greyhounds|9|584.75|145.9|37|45|16|33|2657.0|563.72
4119397716|Valerie Jarvis|1980-07-21|44|Male|446 Beth Inlet Osborneton, TX 20735|Austria|valeriejarvis@gmail.com|2023-12-11 10:35:03|2024-06-12 01:51:05|1|2024-04-08 16:57:50|Confirmed|1|Football|9|457.32|393.89|37|50|16|38|2783.39|1941.84
3730868784|April Eaton|1967-05-08|57|Male|82929 Amy Cliffs Apt. 416 West Samanthaport, WA 44934|Burkina Faso|aprileaton@mason.biz|2024-12-28 06:02:42|2024-12-30 23:31:02|1|2025-01-06 03:07:36|Confirmed|3|Cricket|12|528.99|-57.99|37|46|15|29|1732.18|560.5
9589624442|Amy Gibbs|1982-09-15|42|Male|8478 Jasmine Pine North Karen, IN 32747|Austria|amygibbs@yahoo.com|2024-03-06 07:10:16|2024-07-28 18:09:24|2|2024-12-29 18:22:49|Confirmed|3|Cricket|15|571.45|350.58|32|42|2|33|2238.44|850.28
2564377699|Briana Soto|1951-06-11|73|Male|USCGC Avila FPO AA 25709|British Indian Ocean Territory (Chagos Archipelago)|brianasoto@gmail.com|2022-08-15 19:35:37|2023-04-03 08:54:16|1|2023-03-31 06:52:20|Confirmed|2|Cricket|20|1069.76|195.23|38|55|21|46|2792.18|1087.99
0444067525|Michael Klein|1994-05-08|30|Male|283 Jasmine Wall Emilymouth, CO 76229|Guernsey|michaelklein@hanson-jimenez.net|2022-05-19 00:29:49|2022-08-13 05:34:33|1|2022-09-03 13:28:23|Confirmed|2|Cricket|15|680.63|267.52|42|51|14|34|2464.18|664.09
3653591634|Raven Hawkins|1950-02-26|74|Female|2451 Mckinney Land Suite 666 Brightmouth, AL 14130|Guadeloupe|ravenhawkins@hotmail.com|2024-05-20 02:14:22|2024-10-20 07:58:57|1|2024-09-21 09:32:24|Confirmed|1|Cricket|15|918.45|208.89000000000001|42|53|20|41|2668.27|914.34
0988349461|Hailey Rivas|1950-04-12|74|Female|Unit 0002 Box 2229 DPO AA 47566|Gibraltar|haileyrivas@gmail.com|2023-03-30 05:58:31|2024-11-02 06:13:41|1|2023-06-10 07:29:14|Confirmed|1|Football|11|562.75|278.64|33|39|6|24|2103.87|580.33
3886338613|Denise Greene|1951-04-18|73|Female|Unit 5473 Box 7574 DPO AP 84288|Malawi|denisegreene@yahoo.com|2023-06-15 07:13:22|2024-08-08 13:17:00|1|2024-08-08 04:19:44|Confirmed|1|Cricket|17|842.67|96.85000000000001|35|48|9|31|2401.75|451.05
8998363207|Brent Rose|1977-06-11|47|Male|38577 Mark Forks Suite 646 Coryfort, FL 02227|San Marino|brentrose@gmail.com|2023-01-11 02:47:47|2024-02-08 18:14:15|1|2023-01-22 21:03:05|Confirmed|3|Cricket|18|869.28|188.44|48|56|18|36|2451.75|1001.6999999999999
6750373887|Deanna Smith|1981-02-06|43|Male|97219 Hannah Valleys Apt. 296 Jordanton, OK 42858|Bhutan|deannasmith@gmail.com|2023-02-09 18:34:46|2024-08-11 06:35:24|1|2023-11-22 05:50:36|Confirmed|2|Horse Racing|11|496.71999999999997|-4.220000000000005|37|47|11|31|2362.94|607.11
3294156109|Heather Chen|1977-06-29|47|Male|324 Joseph Locks Apt. 164 West Christopher, NY 08300|Estonia|heatherchen@coleman-wilson.com|2023-03-31 09:01:46|2023-05-03 22:34:46|1|2025-01-06 06:51:48|Confirmed|1|Cricket|18|853.41|130.27|44|61|16|37|2726.2799999999997|387.58000000000004
5328598221|Timothy Conner|1980-12-01|44|Female|843 Montgomery Plaza Suite 684 Nicolebury, IL 06185|Rwanda|timothyconner@yahoo.com|2022-09-26 17:02:53|2022-10-31 02:56:29|1|2023-04-07 10:09:29|Confirmed|1|Cricket|13|659.12|333.75|35|41|19|32|2026.8500000000001|856.8100000000001
2233823039|Andrew Kelly|2003-12-31|21|Male|028 Julie Expressway Suite 371 Yuton, IL 17861|El Salvador|andrewkelly@russell-porter.biz|2024-11-05 04:30:44|2024-11-08 04:08:24|2|2024-12-11 14:11:12|Confirmed|2|Greyhounds|10|529.2|13.399999999999995|32|45|15|35|2351.63|924.61
6920641802|Joseph Taylor|2003-08-10|21|Male|841 Aaron Pine Apt. 386 North William, FL 10652|Macedonia|josephtaylor@yahoo.com|2022-06-19 02:47:19|2022-11-14 05:57:28|2|2022-12-12 12:09:06|Confirmed|1|Greyhounds|15|561.27|313.07|39|47|12|29|2113.4|880.52
6026458802|Anthony Andersen|2001-08-24|23|Female|786 April Meadow Apt. 770 Luishaven, OK 09976|British Virgin Islands|anthonyandersen@hotmail.com|2024-02-12 22:42:18|2024-08-20 22:22:16|1|2024-04-26 12:36:47|Confirmed|1|Cricket|12|595.92|-67.0|34|48|14|35|2510.06|202.03000000000003
8517676546|Ronald Williams|1979-02-16|45|Male|PSC 6985, Box 9697 APO AE 59277|Swaziland|ronaldwilliams@gmail.com|2024-02-11 09:06:53|2024-12-22 20:18:38|1|2024-12-04 04:56:14|Confirmed|1|Greyhounds|16|755.62|638.29|36|51|18|33|2640.58|1462.82
5770262193|John Scott|2002-04-14|22|Male|222 Mcdaniel Curve Campbellborough, NJ 89248|American Samoa|johnscott@bishop.net|2024-02-14 09:38:02|2024-03-21 17:47:18|1|2024-04-05 23:18:45|Confirmed|2|Cricket|12|415.18|220.4|33|44|10|31|2264.45|817.61
5406202481|Melissa Atkinson|1969-07-17|55|Female|571 Debra Terrace Cristinafurt, OR 04495|Myanmar|melissaatkinson@yahoo.com|2024-07-18 07:39:38|2024-12-29 06:03:22|1|2024-12-26 22:55:44|Confirmed|1|Cricket|10|589.19|50.160000000000004|40|57|25|45|2804.21|532.0999999999999
5062565902|Lori Humphrey|1970-02-24|54|Female|5481 Love Fields Suite 707 Holmesberg, MD 05192|Kuwait|lorihumphrey@hotmail.com|2024-07-17 16:59:46|2024-08-30 01:22:45|2|2024-11-28 22:36:00|Confirmed|1|Cricket|12|465.63|347.56|39|48|15|27|2344.93|1195.46
6131623433|Kelly Vance|1994-09-25|30|Female|56797 Montgomery Courts New Caseyport, MA 51481|Anguilla|kellyvance@pollard-benson.com|2022-12-07 23:01:11|2023-02-13 03:55:41|2|2024-08-06 19:56:21|Confirmed|1|Basketball|11|502.99|175.73999999999998|41|55|13|36|2653.35|1095.43
8906463978|Albert Brown|1955-02-21|69|Male|0190 Arias Row Apt. 906 Johnton, NJ 22522|Saudi Arabia|albertbrown@gmail.com|2022-08-27 06:55:55|2022-12-05 07:13:10|2|2025-01-07 04:22:35|Confirmed|1|Cricket|17|735.13|340.18|37|46|13|33|2456.53|1290.15
4142018843|Wanda Parks|1964-08-07|60|Male|758 Davis Crossroad Apt. 727 New Rachelberg, AK 35775|Cook Islands|wandaparks@james-johnson.org|2023-11-30 19:55:25|2024-04-15 08:38:29|2|2024-11-26 04:23:54|Confirmed|2|Cricket|14|725.46|-90.19|43|55|18|39|2681.82|648.1600000000001
3070115693|Scott Cannon|1975-01-14|49|Male|822 Randall Ville Millershire, CA 02940|Cape Verde|scottcannon@yahoo.com|2024-11-20 02:39:15|2024-12-31 16:12:28|1|2024-12-25 05:10:29|Confirmed|1|Cricket|19|1004.2|682.25|39|58|14|36|2724.87|1206.35
4370519938|Jeff Hodges|1961-02-21|63|Male|71815 Stokes Mission Hernandezfort, RI 39187|Australia|jeffhodges@gmail.com|2024-04-10 05:41:35|2024-09-24 08:28:57|1|2024-11-10 04:19:38|Confirmed|2|Cricket|14|730.1|317.43|47|55|13|35|2750.14|862.14
4463611123|Gary Stevens|1968-07-01|56|Male|34309 Michael Key Suite 454 East Jeffrey, ME 43277|Saint Vincent and the Grenadines|garystevens@hotmail.com|2022-12-29 17:26:58|2024-08-22 06:55:45|2|2024-02-12 02:12:56|Confirmed|2|Cricket|15|767.77|350.28|34|45|15|34|2208.21|952.02
7251025921|William Silva|1953-04-17|71|Male|16772 Glenda Passage Suite 092 Jamiemouth, PA 51892|United States Minor Outlying Islands|williamsilva@yahoo.com|2023-08-09 07:16:43|2023-08-29 17:09:16|1|2023-11-06 06:01:13|Confirmed|1|Cricket|10|509.88|-22.179999999999993|33|38|15|26|1940.5|607.86
1015930298|Laura Turner|1969-10-04|55|Male|5879 Gregory Heights Suite 455 Bakerstad, OH 58382|Myanmar|lauraturner@martinez.biz|2023-04-07 15:26:41|2024-10-23 13:43:57|1|2023-04-27 04:10:16|Confirmed|1|Cricket|18|1048.02|365.2|46|59|16|42|3157.1|871.76
7160934125|Aaron Smith|1987-12-06|37|Male|05985 Stephen Knoll Suite 199 Maddoxbury, AK 00540|Ukraine|aaronsmith@perez.com|2022-09-01 03:33:25|2024-05-30 04:06:19|1|2022-09-25 23:42:13|Confirmed|2|Greyhounds|15|622.61|374.98|40|56|17|41|3096.59|457.46000000000004
8039549153|Nicholas Blevins|2001-08-04|23|Male|4177 Aaron Roads Apt. 706 Davisville, ND 14357|Slovenia|nicholasblevins@gmail.com|2024-09-20 05:09:18|2024-11-22 15:29:48|1|2024-11-14 04:47:03|Confirmed|1|Cricket|20|1023.36|218.23000000000002|34|42|9|25|2165.68|623.02
8521022324|Lisa Martinez|2003-07-01|21|Female|0013 Jacob Bypass Davisshire, FL 23791|Palestinian Territory|lisamartinez@gmail.com|2023-02-05 00:24:41|2024-02-07 13:59:45|1|2024-08-01 18:13:49|Confirmed|2|Cricket|14|720.65|60.61|47|64|30|50|2764.33|537.82
1149020195|Wendy Saunders|1952-10-24|72|Male|253 Janet Highway Suite 213 Port Dannytown, TX 48334|Western Sahara|wendysaunders@yahoo.com|2024-06-14 10:16:49|2024-08-07 03:38:43|1|2024-12-22 19:18:05|Confirmed|2|Cricket|16|816.91|443.79|33|43|9|26|2444.42|838.69
3280885953|Stephanie White|1999-07-20|25|Female|USCGC Harris FPO AP 25879|Nauru|stephaniewhite@schmidt.com|2023-09-14 10:53:07|2024-03-17 00:13:23|1|2024-08-17 18:32:58|Confirmed|2|Horse Racing|13|664.87|201.08|47|58|20|40|2580.89|432.27
7701910319|Kristi Jones|1994-07-27|30|Female|5321 Alexandria Throughway East Markborough, HI 70639|Dominica|kristijones@yahoo.com|2024-08-13 10:22:38|2024-10-10 17:54:43|3|2025-01-12 10:08:43|Confirmed|3|Cricket|16|695.41|218.56|43|58|20|41|2589.12|630.9399999999999
5258727824|Christy Wilkerson|1976-10-02|48|Female|29040 Adams Ridge Lake Michael, VT 27475|Czech Republic|christywilkerson@valencia-thomas.com|2022-06-21 21:58:02|2022-08-10 04:29:03|2|2023-08-28 16:58:11|Confirmed|2|Cricket|15|731.02|285.28000000000003|46|64|17|45|3045.36|1209.2
4480750085|Jessica Rodgers|1986-11-09|38|Male|140 Erik Grove Connerton, TN 47280|Slovenia|jessicarodgers@lin.com|2024-02-14 18:25:51|2024-07-29 17:24:03|1|2024-06-09 11:34:24|Confirmed|3|Cricket|14|724.49|237.47|45|55|19|40|2684.91|613.8399999999999
0808242696|Benjamin Martinez|1965-04-07|59|Male|736 Patrick Forge North Brenda, MA 98012|Poland|benjaminmartinez@gmail.com|2024-01-15 11:37:30|2024-02-22 10:35:23|1|2024-01-24 21:24:51|Confirmed|2|Football|12|376.14|83.88|37|47|17|34|2355.2400000000002|484.86
3810612899|Bradley Ashley|1987-08-26|37|Male|5522 Clinton Ville Suite 660 Melissaview, WA 16385|Saint Lucia|bradleyashley@benjamin.biz|2024-03-01 01:40:42|2024-08-27 22:43:52|1|2024-03-22 11:45:33|Confirmed|1|Basketball|11|693.68|165.12|40|53|17|35|3039.46|1025.1
0345797859|Matthew Gray|1968-12-07|56|Male|415 Timothy Island Jennifermouth, OR 38215|Monaco|matthewgray@morgan.com|2022-01-28 18:29:31|2024-02-03 17:44:34|1|2023-10-29 22:08:22|Confirmed|1|Greyhounds|12|715.7|239.01|42|54|19|42|3226.3|1383.9
8886305679|Susan Wagner|1961-08-09|63|Male|5032 Mark Glens Suite 574 West Karaport, PA 41806|Costa Rica|susanwagner@winters-zimmerman.com|2024-09-14 19:17:39|2025-01-06 16:31:19|2|2024-12-27 18:07:59|Confirmed|1|Cricket|16|693.25|161.94|34|45|12|35|2190.57|784.26
9381819065|David Reynolds|1987-11-06|37|Male|0302 Jason Path Mcdanielstad, GA 99248|Tunisia|davidreynolds@cervantes.com|2023-12-10 12:27:07|2024-08-04 21:30:31|2|2024-06-30 23:19:41|Confirmed|1|Greyhounds|12|755.03|237.16|37|52|18|38|2467.92|882.62
7814608055|Janet Lee|2000-09-30|24|Female|Unit 8033 Box 6289 DPO AP 67027|Albania|janetlee@olson.info|2024-04-29 14:55:24|2024-12-11 00:38:35|2|2025-01-09 11:52:07|Confirmed|1|Cricket|16|990.47|247.65|34|44|11|33|2205.33|719.94
3231127828|Jennifer White|1962-11-27|62|Male|285 Robert Valley New Jackson, WA 63023|Austria|jenniferwhite@hill-spencer.info|2023-11-26 05:06:30|2023-12-25 12:11:59|1|2024-04-17 22:27:35|Confirmed|1|Cricket|11|605.11|402.12|34|38|13|26|1876.78|700.59
9797864194|Matthew Wang|1968-07-11|56|Female|7164 Joyce Drives Apt. 592 West Matthewshire, WY 26760|Niger|matthewwang@gmail.com|2024-09-23 14:50:37|2024-09-23 20:55:51|1|2024-12-27 20:14:02|Confirmed|1|Cricket|17|938.23|804.39|37|48|12|30|2577.09|1042.55
8195274197|Eric Young|1972-12-07|52|Female|8998 Porter Land Apt. 640 South Cathyville, NM 97099|Belgium|ericyoung@gmail.com|2023-10-23 01:10:43|2024-10-10 17:19:16|2|2024-12-07 09:15:54|Confirmed|1|Greyhounds|10|453.5|197.33|38|46|13|28|2158.64|533.58
9298506788|Jason Reed|1989-08-03|35|Male|1537 Neal Parkways Apt. 874 Lake Rachelhaven, OR 21010|Guernsey|jasonreed@hotmail.com|2022-08-31 11:53:16|2024-01-29 09:08:03|1|2023-03-26 15:52:49|Confirmed|2|Greyhounds|12|483.54|162.44|37|45|12|35|2193.29|1050.95
1211666048|Eric Mosley|1953-10-27|71|Male|64696 Wallace Burg Suite 612 North Allen, WY 83055|Ghana|ericmosley@thomas-young.biz|2023-09-18 04:14:09|2024-08-21 18:05:25|1|2023-10-02 09:22:39|Confirmed|1|Cricket|12|711.33|184.57|41|53|12|32|2804.36|964.9599999999999
7702477527|Noah Phillips Jr.|2004-06-23|20|None of Above|Unit 0929 Box 8196 DPO AA 69454|Guam|noahphillipsjr@anderson.com|2022-01-04 19:20:40|2024-11-27 18:45:28|1|2022-09-20 01:48:45|Confirmed|1|Greyhounds|10|605.57|207.20999999999998|39|43|14|31|2476.88|786.51
9198635049|Clayton Johnson|1997-06-21|27|Male|46276 Price Spring East Stacy, WY 77990|Australia|claytonjohnson@yahoo.com|2023-05-14 02:24:46|2024-01-04 19:33:40|1|2023-12-09 08:39:28|Confirmed|2|Cricket|14|635.67|590.8|39|50|16|36|2239.44|1623.95
0265342975|Sharon English|1966-08-01|58|Male|43138 Wilson Via Suite 198 Maloneview, PA 15543|Uruguay|sharonenglish@evans.com|2023-05-06 23:22:04|2024-11-19 03:20:00|1|2023-09-18 14:03:51|Confirmed|1|Greyhounds|14|701.21|203.22|44|58|12|34|2886.25|1010.88
8618155894|Joshua Pope|1970-02-16|54|Female|8381 Young Divide Suite 043 North Katie, TN 37177|Egypt|joshuapope@yahoo.com|2022-06-03 09:17:22|2024-12-01 01:13:52|1|2023-08-13 15:10:56|Confirmed|3|Cricket|12|700.12|385.29|36|46|11|27|2296.02|1405.46
0861594310|Gregory Norris|1951-02-27|73|Male|337 Megan Keys Apt. 579 Lake Gilbert, FL 39564|Niger|gregorynorris@gmail.com|2023-07-24 02:10:41|2023-10-20 04:57:55|1|2024-05-03 00:50:16|Confirmed|2|Cricket|16|548.07|461.0|33|48|13|31|1912.43|917.65
5545411813|Charles Reeves|1990-09-22|34|Female|50725 Misty Forge Matthewsmouth, ID 61099|Botswana|charlesreeves@hotmail.com|2022-05-18 07:58:23|2023-07-11 04:46:46|1|2022-08-07 02:02:40|Confirmed|2|Football|12|572.7|190.82999999999998|36|52|11|37|2908.94|645.63
1107973045|John Clayton|1978-09-20|46|Female|299 Price Dale Apt. 376 Shorthaven, DC 34214|French Southern Territories|johnclayton@keith.com|2023-03-11 00:43:26|2024-02-27 07:23:54|1|2023-03-11 05:27:15|Confirmed|1|Cricket|12|707.86|-43.559999999999995|40|53|14|38|2738.97|115.25000000000004
6192293734|Lori Nelson|1957-03-19|67|Male|Unit 9416 Box 6675 DPO AE 79417|Tokelau|lorinelson@richmond.com|2023-10-21 02:30:01|2024-04-30 17:08:48|1|2024-09-11 21:56:56|Confirmed|3|Horse Racing|13|592.13|267.77|34|47|14|38|2534.01|1212.54
9539999530|Linda Silva|1954-01-19|70|Male|3752 Montoya Meadows Suite 238 West Bettyport, WV 31593|Pitcairn Islands|lindasilva@gmail.com|2024-07-27 10:29:38|2024-11-11 01:46:05|1|2024-12-25 12:54:43|Confirmed|2|Cricket|17|771.25|186.38|37|44|7|27|2184.85|700.7299999999999
3879861699|Eric Short|1953-10-12|71|Female|89932 Natalie Expressway Apt. 305 East Judy, TX 46685|British Virgin Islands|ericshort@hotmail.com|2023-05-31 05:06:51|2023-10-28 16:45:18|1|2024-05-12 10:16:13|Confirmed|1|Cricket|14|585.1999999999999|113.47|40|53|15|34|2347.83|636.49
0347274756|Jackie Mason|1961-05-16|63|Male|2265 Zimmerman Ports Suite 664 Fletcherside, TN 42295|Trinidad and Tobago|jackiemason@norman-webb.com|2022-03-31 04:21:03|2023-09-07 08:14:22|1|2022-07-03 03:05:32|Confirmed|2|Greyhounds|15|537.1999999999999|207.3|39|49|14|32|2227.66|504.18
8595427754|Casey Ruiz|1967-02-10|57|Male|3960 Katrina Crescent Apt. 889 Robertbury, AR 84207|Northern Mariana Islands|caseyruiz@hotmail.com|2022-08-24 23:39:35|2024-12-28 15:18:44|1|2024-11-29 12:25:29|Confirmed|1|Cricket|14|705.97|154.53|42|53|16|44|2718.86|814.56
4983699640|Dr. Eric Jones|1971-07-28|53|Male|407 Brian Mill New Heatherfurt, IL 84676|Bahrain|drericjones@yahoo.com|2022-06-30 18:47:04|2024-01-14 15:56:46|1|2023-12-16 23:55:57|Confirmed|3|Cricket|11|553.94|167.85999999999999|32|38|11|24|1905.3500000000001|579.66
2045651630|Amy Gonzalez|1987-08-01|37|Male|82509 Barton Mountain Hobbston, GA 70288|Montserrat|amygonzalez@long-martin.com|2023-05-13 17:56:22|2024-01-21 04:38:53|1|2024-05-03 19:15:00|Confirmed|2|Cricket|9|407.96|15.750000000000007|38|41|16|35|1925.6200000000001|397.69
4357920303|Melissa Ayala|1972-03-11|52|Male|93799 Carol Passage South Annette, NH 20267|El Salvador|melissaayala@hotmail.com|2023-06-14 00:52:23|2024-08-23 12:57:05|1|2024-02-03 04:12:47|Confirmed|3|Greyhounds|12|457.46|39.97|27|35|12|23|1347.18|394.51
3990934899|Julie Williams|2005-03-23|19|Male|7482 Haley Extensions North Brianside, LA 20684|Belarus|juliewilliams@fuller.org|2023-06-30 02:47:09|2023-11-02 07:44:53|1|2024-09-09 19:30:18|Confirmed|1|Cricket|17|902.34|230.78|40|52|16|40|2496.94|1096.09
6746346717|Joseph Roberts|1991-02-05|33|Male|2707 Holt Mills Apt. 451 Marshberg, MI 52440|Yemen|josephroberts@gmail.com|2024-10-04 19:02:14|2024-12-04 08:47:33|1|2024-11-30 14:56:48|Confirmed|1|Horse Racing|15|791.67|172.79|46|58|20|45|2986.62|876.87
5498792044|April Dennis|1998-08-26|26|Female|7504 Franklin Road West Barbarafurt, MS 12680|Nauru|aprildennis@wilson.com|2024-01-13 18:28:42|2024-02-05 10:41:59|1|2024-03-03 09:37:03|Confirmed|1|Cricket|19|1098.82|983.19|39|58|22|41|2713.92|1653.96
8645923230|Douglas Hunter|1991-04-22|33|Female|USCGC Moore FPO AA 66007|Grenada|douglashunter@gmail.com|2022-05-27 23:13:03|2023-08-01 10:06:10|1|2022-08-19 02:31:59|Confirmed|2|Basketball|20|851.43|100.12|48|61|15|44|2692.36|722.1
1467514195|Joseph Perry|1972-10-05|52|Male|93234 William Walks Lake Timothy, DE 58078|Armenia|josephperry@novak-brown.com|2023-09-14 15:23:12|2023-12-24 02:47:58|1|2024-12-18 15:46:27|Confirmed|2|Cricket|19|1046.95|237.75|37|46|12|30|2234.31|555.19
2138713683|Kenneth Cox|2000-06-06|24|Female|22708 Cochran Pines Apt. 264 Nelsonland, VA 06766|Falkland Islands (Malvinas)|kennethcox@brady.com|2024-09-06 18:41:14|2024-10-30 20:12:50|1|2024-11-09 05:29:40|Confirmed|3|Cricket|14|670.27|160.7|41|55|13|38|3014.8|436.46999999999997
8943895013|Courtney Smith|1990-03-30|34|Male|PSC 2519, Box 4587 APO AA 33869|New Caledonia|courtneysmith@yahoo.com|2023-03-09 22:13:12|2024-03-13 18:32:09|1|2025-01-03 01:11:40|Confirmed|3|Cricket|12|582.89|351.01|41|54|12|29|2611.16|1616.13
2028618016|Karen Johnson|1998-10-31|26|Male|1115 Jennifer Common New Stephanie, IN 67613|United States Virgin Islands|karenjohnson@powell.com|2023-01-15 22:41:04|2023-10-09 08:29:31|1|2024-08-11 14:59:37|Confirmed|2|Horse Racing|10|554.35|201.83999999999997|28|34|9|23|1547.18|757.17
6855398313|Benjamin Gonzalez|1985-09-02|39|Male|177 Diaz Locks Apt. 590 East Jamesfort, GA 66028|Iraq|benjamingonzalez@hotmail.com|2024-10-31 18:36:14|2024-12-30 18:57:46|1|2024-11-19 02:38:04|Confirmed|1|Basketball|12|589.98|1.2799999999999958|39|46|14|27|2438.42|299.56
9847806634|Jason Lane|1985-03-03|39|Male|499 Ross Mill Apt. 719 Cynthiaborough, MI 52789|Turks and Caicos Islands|jasonlane@reid.biz|2022-04-09 02:33:54|2024-10-16 07:24:11|2|2024-11-24 08:47:27|Confirmed|2|Cricket|18|967.5500000000001|358.8|43|59|18|38|3300.88|1113.91
